"window_idx","cluster","obs_start","obs_end"
1,1,0,210
2,1,10,220
3,0,20,230
4,0,30,240
5,0,40,250
6,0,50,260
7,0,60,270
8,0,70,280
9,0,80,290
10,0,90,300
11,0,100,310
12,0,110,320
13,0,120,330
14,0,130,340
15,0,140,350
16,0,150,360
17,0,160,370
18,0,170,380
19,0,180,390
20,0,190,400
21,0,200,410
22,1,210,420
23,0,220,430
24,0,230,440
25,0,240,450
26,0,250,460
27,0,260,470
28,0,270,480
29,0,280,490
30,0,290,500
31,0,300,510
32,0,310,520
33,0,320,530
34,0,330,540
35,0,340,550
36,0,350,560
37,0,360,570
38,0,370,580
39,0,380,590
40,0,390,600
41,0,400,610
42,1,410,620
43,1,420,630
44,0,430,640
45,0,440,650
46,0,450,660
47,0,460,670
48,0,470,680
49,0,480,690
50,0,490,700
51,0,500,710
52,0,510,720
53,0,520,730
54,0,530,740
55,0,540,750
56,0,550,760
57,0,560,770
58,0,570,780
59,0,580,790
60,0,590,800
61,0,600,810
62,1,610,820
63,1,620,830
64,0,630,840
65,0,640,850
66,0,650,860
67,0,660,870
68,0,670,880
69,0,680,890
70,0,690,900
71,0,700,910
72,0,710,920
73,0,720,930
74,0,730,940
75,0,740,950
76,0,750,960
77,0,760,970
78,0,770,980
79,0,780,990
80,0,790,1000
81,0,800,1010
82,0,810,1020
83,1,820,1030
84,0,830,1040
85,0,840,1050
86,0,850,1060
87,0,860,1070
88,0,870,1080
89,0,880,1090
90,0,890,1100
91,0,900,1110
92,0,910,1120
93,0,920,1130
94,0,930,1140
95,0,940,1150
96,0,950,1160
97,0,960,1170
98,0,970,1180
99,0,980,1190
100,0,990,1200
101,0,1000,1210
102,0,1010,1220
103,1,1020,1230
104,1,1030,1240
105,0,1040,1250
106,0,1050,1260
107,0,1060,1270
108,0,1070,1280
109,0,1080,1290
110,0,1090,1300
111,0,1100,1310
112,0,1110,1320
113,0,1120,1330
114,0,1130,1340
115,0,1140,1350
116,0,1150,1360
117,0,1160,1370
118,0,1170,1380
119,0,1180,1390
120,0,1190,1400
121,0,1200,1410
122,0,1210,1420
123,1,1220,1430
124,1,1230,1440
125,0,1240,1450
126,0,1250,1460
127,0,1260,1470
128,0,1270,1480
129,0,1280,1490
130,0,1290,1500
131,0,1300,1510
132,0,1310,1520
133,0,1320,1530
134,0,1330,1540
135,0,1340,1550
136,0,1350,1560
137,0,1360,1570
138,0,1370,1580
139,0,1380,1590
140,0,1390,1600
141,0,1400,1610
142,0,1410,1620
143,1,1420,1630
144,1,1430,1640
145,0,1440,1650
146,0,1450,1660
147,0,1460,1670
148,0,1470,1680
149,0,1480,1690
150,0,1490,1700
151,0,1500,1710
152,0,1510,1720
153,0,1520,1730
154,0,1530,1740
155,0,1540,1750
156,0,1550,1760
157,0,1560,1770
158,0,1570,1780
159,0,1580,1790
160,0,1590,1800
161,0,1600,1810
162,0,1610,1820
163,1,1620,1830
164,1,1630,1840
165,0,1640,1850
166,0,1650,1860
167,0,1660,1870
168,0,1670,1880
169,0,1680,1890
170,0,1690,1900
171,0,1700,1910
172,0,1710,1920
173,0,1720,1930
174,0,1730,1940
175,0,1740,1950
176,0,1750,1960
177,0,1760,1970
178,0,1770,1980
179,0,1780,1990
180,0,1790,2000
181,0,1800,2010
182,0,1810,2020
183,1,1820,2030
184,1,1830,2040
185,0,1840,2050
186,0,1850,2060
187,0,1860,2070
188,0,1870,2080
189,0,1880,2090
190,0,1890,2100
191,0,1900,2110
192,0,1910,2120
193,0,1920,2130
194,0,1930,2140
195,0,1940,2150
196,0,1950,2160
197,0,1960,2170
198,0,1970,2180
199,0,1980,2190
200,0,1990,2200
201,0,2000,2210
202,0,2010,2220
203,1,2020,2230
204,1,2030,2240
205,0,2040,2250
206,0,2050,2260
207,0,2060,2270
208,0,2070,2280
209,0,2080,2290
210,0,2090,2300
211,0,2100,2310
212,0,2110,2320
213,0,2120,2330
214,0,2130,2340
215,0,2140,2350
216,0,2150,2360
217,0,2160,2370
218,0,2170,2380
219,0,2180,2390
220,0,2190,2400
221,0,2200,2410
222,1,2210,2420
223,1,2220,2430
224,1,2230,2440
225,0,2240,2450
226,0,2250,2460
227,0,2260,2470
228,0,2270,2480
229,0,2280,2490
230,0,2290,2500
231,0,2300,2510
232,0,2310,2520
233,0,2320,2530
234,0,2330,2540
235,0,2340,2550
236,0,2350,2560
237,0,2360,2570
238,0,2370,2580
239,0,2380,2590
240,0,2390,2600
241,0,2400,2610
242,1,2410,2620
243,1,2420,2630
244,0,2430,2640
245,0,2440,2650
246,0,2450,2660
247,0,2460,2670
248,0,2470,2680
249,0,2480,2690
250,0,2490,2700
251,0,2500,2710
252,0,2510,2720
253,0,2520,2730
254,0,2530,2740
255,0,2540,2750
256,0,2550,2760
257,0,2560,2770
258,0,2570,2780
259,0,2580,2790
260,0,2590,2800
261,0,2600,2810
262,0,2610,2820
263,1,2620,2830
264,1,2630,2840
265,0,2640,2850
266,0,2650,2860
267,0,2660,2870
268,0,2670,2880
269,0,2680,2890
270,0,2690,2900
271,0,2700,2910
272,0,2710,2920
273,0,2720,2930
274,0,2730,2940
275,0,2740,2950
276,0,2750,2960
277,0,2760,2970
278,0,2770,2980
279,0,2780,2990
280,0,2790,3000
281,0,2800,3010
282,0,2810,3020
283,0,2820,3030
284,1,2830,3040
285,1,2840,3050
286,0,2850,3060
287,0,2860,3070
288,0,2870,3080
289,0,2880,3090
290,0,2890,3100
291,0,2900,3110
292,0,2910,3120
293,0,2920,3130
294,0,2930,3140
295,0,2940,3150
296,0,2950,3160
297,0,2960,3170
298,0,2970,3180
299,0,2980,3190
300,0,2990,3200
301,0,3000,3210
302,0,3010,3220
303,0,3020,3230
304,0,3030,3240
305,1,3040,3250
306,1,3050,3260
307,0,3060,3270
308,0,3070,3280
309,0,3080,3290
310,0,3090,3300
311,0,3100,3310
312,0,3110,3320
313,0,3120,3330
314,0,3130,3340
315,0,3140,3350
316,0,3150,3360
317,0,3160,3370
318,0,3170,3380
319,0,3180,3390
320,0,3190,3400
321,0,3200,3410
322,0,3210,3420
323,0,3220,3430
324,0,3230,3440
325,0,3240,3450
326,1,3250,3460
327,1,3260,3470
328,0,3270,3480
329,0,3280,3490
330,0,3290,3500
331,0,3300,3510
332,0,3310,3520
333,0,3320,3530
334,0,3330,3540
335,0,3340,3550
336,0,3350,3560
337,0,3360,3570
338,0,3370,3580
339,0,3380,3590
340,0,3390,3600
341,0,3400,3610
342,0,3410,3620
343,0,3420,3630
344,0,3430,3640
345,0,3440,3650
346,0,3450,3660
347,1,3460,3670
348,1,3470,3680
349,0,3480,3690
350,0,3490,3700
351,0,3500,3710
352,0,3510,3720
353,0,3520,3730
354,0,3530,3740
355,0,3540,3750
356,0,3550,3760
357,0,3560,3770
358,0,3570,3780
359,0,3580,3790
360,0,3590,3800
361,0,3600,3810
362,0,3610,3820
363,0,3620,3830
364,0,3630,3840
365,0,3640,3850
366,0,3650,3860
367,0,3660,3870
368,1,3670,3880
369,0,3680,3890
370,0,3690,3900
371,0,3700,3910
372,0,3710,3920
373,0,3720,3930
374,0,3730,3940
375,0,3740,3950
376,0,3750,3960
377,0,3760,3970
378,0,3770,3980
379,0,3780,3990
380,0,3790,4000
381,0,3800,4010
382,0,3810,4020
383,0,3820,4030
384,0,3830,4040
385,0,3840,4050
386,0,3850,4060
387,0,3860,4070
388,1,3870,4080
389,1,3880,4090
390,0,3890,4100
391,0,3900,4110
392,0,3910,4120
393,0,3920,4130
394,0,3930,4140
395,0,3940,4150
396,0,3950,4160
397,0,3960,4170
398,0,3970,4180
399,0,3980,4190
400,0,3990,4200
401,0,4000,4210
402,0,4010,4220
403,0,4020,4230
404,0,4030,4240
405,0,4040,4250
406,0,4050,4260
407,0,4060,4270
408,0,4070,4280
409,0,4080,4290
410,1,4090,4300
411,0,4100,4310
412,0,4110,4320
413,0,4120,4330
414,0,4130,4340
415,0,4140,4350
416,0,4150,4360
417,0,4160,4370
418,0,4170,4380
419,0,4180,4390
420,0,4190,4400
421,0,4200,4410
422,0,4210,4420
423,0,4220,4430
424,0,4230,4440
425,0,4240,4450
426,0,4250,4460
427,0,4260,4470
428,0,4270,4480
429,0,4280,4490
430,0,4290,4500
431,1,4300,4510
432,1,4310,4520
433,0,4320,4530
434,0,4330,4540
435,0,4340,4550
436,0,4350,4560
437,0,4360,4570
438,0,4370,4580
439,0,4380,4590
440,0,4390,4600
441,0,4400,4610
442,0,4410,4620
443,0,4420,4630
444,0,4430,4640
445,0,4440,4650
446,0,4450,4660
447,0,4460,4670
448,0,4470,4680
449,0,4480,4690
450,0,4490,4700
451,0,4500,4710
452,1,4510,4720
453,1,4520,4730
454,0,4530,4740
455,0,4540,4750
456,0,4550,4760
457,0,4560,4770
458,0,4570,4780
459,0,4580,4790
460,0,4590,4800
461,0,4600,4810
462,0,4610,4820
463,0,4620,4830
464,0,4630,4840
465,0,4640,4850
466,0,4650,4860
467,0,4660,4870
468,0,4670,4880
469,0,4680,4890
470,0,4690,4900
471,0,4700,4910
472,0,4710,4920
473,1,4720,4930
474,1,4730,4940
475,0,4740,4950
476,0,4750,4960
477,0,4760,4970
478,0,4770,4980
479,0,4780,4990
480,0,4790,5000
481,0,4800,5010
482,0,4810,5020
483,0,4820,5030
484,0,4830,5040
485,0,4840,5050
486,0,4850,5060
487,0,4860,5070
488,0,4870,5080
489,0,4880,5090
490,0,4890,5100
491,0,4900,5110
492,0,4910,5120
493,0,4920,5130
494,1,4930,5140
495,1,4940,5150
496,0,4950,5160
497,0,4960,5170
498,0,4970,5180
499,0,4980,5190
500,0,4990,5200
501,0,5000,5210
502,0,5010,5220
503,0,5020,5230
504,0,5030,5240
505,0,5040,5250
506,0,5050,5260
507,0,5060,5270
508,0,5070,5280
509,0,5080,5290
510,0,5090,5300
511,0,5100,5310
512,0,5110,5320
513,0,5120,5330
514,0,5130,5340
515,1,5140,5350
516,1,5150,5360
517,0,5160,5370
518,0,5170,5380
519,0,5180,5390
520,0,5190,5400
521,0,5200,5410
522,0,5210,5420
523,0,5220,5430
524,0,5230,5440
525,0,5240,5450
526,0,5250,5460
527,0,5260,5470
528,0,5270,5480
529,0,5280,5490
530,0,5290,5500
531,0,5300,5510
532,0,5310,5520
533,0,5320,5530
534,0,5330,5540
535,0,5340,5550
536,1,5350,5560
537,1,5360,5570
538,0,5370,5580
539,0,5380,5590
540,0,5390,5600
541,0,5400,5610
542,0,5410,5620
543,0,5420,5630
544,0,5430,5640
545,0,5440,5650
546,0,5450,5660
547,0,5460,5670
548,0,5470,5680
549,0,5480,5690
550,0,5490,5700
551,0,5500,5710
552,0,5510,5720
553,0,5520,5730
554,0,5530,5740
555,0,5540,5750
556,0,5550,5760
557,1,5560,5770
558,0,5570,5780
559,0,5580,5790
560,0,5590,5800
561,0,5600,5810
562,0,5610,5820
563,0,5620,5830
564,0,5630,5840
565,0,5640,5850
566,0,5650,5860
567,0,5660,5870
568,0,5670,5880
569,0,5680,5890
570,0,5690,5900
571,0,5700,5910
572,0,5710,5920
573,0,5720,5930
574,0,5730,5940
575,0,5740,5950
576,0,5750,5960
577,1,5760,5970
578,1,5770,5980
579,0,5780,5990
580,0,5790,6000
581,0,5800,6010
582,0,5810,6020
583,0,5820,6030
584,0,5830,6040
585,0,5840,6050
586,0,5850,6060
587,0,5860,6070
588,0,5870,6080
589,0,5880,6090
590,0,5890,6100
591,0,5900,6110
592,0,5910,6120
593,0,5920,6130
594,0,5930,6140
595,0,5940,6150
596,0,5950,6160
597,0,5960,6170
598,1,5970,6180
599,1,5980,6190
600,0,5990,6200
601,0,6000,6210
602,0,6010,6220
603,0,6020,6230
604,0,6030,6240
605,0,6040,6250
606,0,6050,6260
607,0,6060,6270
608,0,6070,6280
609,0,6080,6290
610,0,6090,6300
611,0,6100,6310
612,0,6110,6320
613,0,6120,6330
614,0,6130,6340
615,0,6140,6350
616,0,6150,6360
617,0,6160,6370
618,1,6170,6380
619,1,6180,6390
620,0,6190,6400
621,0,6200,6410
622,0,6210,6420
623,0,6220,6430
624,0,6230,6440
625,0,6240,6450
626,0,6250,6460
627,0,6260,6470
628,0,6270,6480
629,0,6280,6490
630,0,6290,6500
631,0,6300,6510
632,0,6310,6520
633,0,6320,6530
634,0,6330,6540
635,0,6340,6550
636,0,6350,6560
637,0,6360,6570
638,1,6370,6580
639,1,6380,6590
640,0,6390,6600
641,0,6400,6610
642,0,6410,6620
643,0,6420,6630
644,0,6430,6640
645,0,6440,6650
646,0,6450,6660
647,0,6460,6670
648,0,6470,6680
649,0,6480,6690
650,0,6490,6700
651,0,6500,6710
652,0,6510,6720
653,0,6520,6730
654,0,6530,6740
655,0,6540,6750
656,0,6550,6760
657,0,6560,6770
658,0,6570,6780
659,1,6580,6790
660,1,6590,6800
661,0,6600,6810
662,0,6610,6820
663,0,6620,6830
664,0,6630,6840
665,0,6640,6850
666,0,6650,6860
667,0,6660,6870
668,0,6670,6880
669,0,6680,6890
670,0,6690,6900
671,0,6700,6910
672,0,6710,6920
673,0,6720,6930
674,0,6730,6940
675,0,6740,6950
676,0,6750,6960
677,0,6760,6970
678,0,6770,6980
679,1,6780,6990
680,1,6790,7000
681,0,6800,7010
682,0,6810,7020
683,0,6820,7030
684,0,6830,7040
685,0,6840,7050
686,0,6850,7060
687,0,6860,7070
688,0,6870,7080
689,0,6880,7090
690,0,6890,7100
691,0,6900,7110
692,0,6910,7120
693,0,6920,7130
694,0,6930,7140
695,0,6940,7150
696,0,6950,7160
697,0,6960,7170
698,0,6970,7180
699,1,6980,7190
700,1,6990,7200
701,0,7000,7210
702,0,7010,7220
703,0,7020,7230
704,0,7030,7240
705,0,7040,7250
706,0,7050,7260
707,0,7060,7270
708,0,7070,7280
709,0,7080,7290
710,0,7090,7300
711,0,7100,7310
712,0,7110,7320
713,0,7120,7330
714,0,7130,7340
715,0,7140,7350
716,0,7150,7360
717,0,7160,7370
718,1,7170,7380
719,1,7180,7390
720,1,7190,7400
721,0,7200,7410
722,0,7210,7420
723,0,7220,7430
724,0,7230,7440
725,0,7240,7450
726,0,7250,7460
727,0,7260,7470
728,0,7270,7480
729,0,7280,7490
730,0,7290,7500
731,0,7300,7510
732,0,7310,7520
733,0,7320,7530
734,0,7330,7540
735,0,7340,7550
736,0,7350,7560
737,0,7360,7570
738,1,7370,7580
739,1,7380,7590
740,0,7390,7600
741,0,7400,7610
742,0,7410,7620
743,0,7420,7630
744,0,7430,7640
745,0,7440,7650
746,0,7450,7660
747,0,7460,7670
748,0,7470,7680
749,0,7480,7690
750,0,7490,7700
751,0,7500,7710
752,0,7510,7720
753,0,7520,7730
754,0,7530,7740
755,0,7540,7750
756,0,7550,7760
757,1,7560,7770
758,1,7570,7780
759,1,7580,7790
760,0,7590,7800
761,0,7600,7810
762,0,7610,7820
763,0,7620,7830
764,0,7630,7840
765,0,7640,7850
766,0,7650,7860
767,0,7660,7870
768,0,7670,7880
769,0,7680,7890
770,0,7690,7900
771,0,7700,7910
772,0,7710,7920
773,0,7720,7930
774,0,7730,7940
775,0,7740,7950
776,0,7750,7960
777,1,7760,7970
778,1,7770,7980
779,0,7780,7990
780,0,7790,8000
781,0,7800,8010
782,0,7810,8020
783,0,7820,8030
784,0,7830,8040
785,0,7840,8050
786,0,7850,8060
787,0,7860,8070
788,0,7870,8080
789,0,7880,8090
790,0,7890,8100
791,0,7900,8110
792,0,7910,8120
793,0,7920,8130
794,0,7930,8140
795,0,7940,8150
796,1,7950,8160
797,1,7960,8170
798,1,7970,8180
799,0,7980,8190
800,0,7990,8200
801,0,8000,8210
802,0,8010,8220
803,0,8020,8230
804,0,8030,8240
805,0,8040,8250
806,0,8050,8260
807,0,8060,8270
808,0,8070,8280
809,0,8080,8290
810,0,8090,8300
811,0,8100,8310
812,0,8110,8320
813,0,8120,8330
814,0,8130,8340
815,0,8140,8350
816,1,8150,8360
817,1,8160,8370
818,0,8170,8380
819,0,8180,8390
820,0,8190,8400
821,0,8200,8410
822,0,8210,8420
823,0,8220,8430
824,0,8230,8440
825,0,8240,8450
826,0,8250,8460
827,0,8260,8470
828,0,8270,8480
829,0,8280,8490
830,0,8290,8500
831,0,8300,8510
832,0,8310,8520
833,0,8320,8530
834,0,8330,8540
835,1,8340,8550
836,1,8350,8560
837,1,8360,8570
838,0,8370,8580
839,0,8380,8590
840,0,8390,8600
841,0,8400,8610
842,0,8410,8620
843,0,8420,8630
844,0,8430,8640
845,0,8440,8650
846,0,8450,8660
847,0,8460,8670
848,0,8470,8680
849,0,8480,8690
850,0,8490,8700
851,0,8500,8710
852,0,8510,8720
853,0,8520,8730
854,0,8530,8740
855,1,8540,8750
856,1,8550,8760
857,0,8560,8770
858,0,8570,8780
859,0,8580,8790
860,0,8590,8800
861,0,8600,8810
862,0,8610,8820
863,0,8620,8830
864,0,8630,8840
865,0,8640,8850
866,0,8650,8860
867,0,8660,8870
868,0,8670,8880
869,0,8680,8890
870,0,8690,8900
871,0,8700,8910
872,0,8710,8920
873,0,8720,8930
874,1,8730,8940
875,1,8740,8950
876,1,8750,8960
877,0,8760,8970
878,0,8770,8980
879,0,8780,8990
880,0,8790,9000
881,0,8800,9010
882,0,8810,9020
883,0,8820,9030
884,0,8830,9040
885,0,8840,9050
886,0,8850,9060
887,0,8860,9070
888,0,8870,9080
889,0,8880,9090
890,0,8890,9100
891,0,8900,9110
892,0,8910,9120
893,1,8920,9130
894,1,8930,9140
895,1,8940,9150
896,0,8950,9160
897,0,8960,9170
898,0,8970,9180
899,0,8980,9190
900,0,8990,9200
901,0,9000,9210
902,0,9010,9220
903,0,9020,9230
904,0,9030,9240
905,0,9040,9250
906,0,9050,9260
907,0,9060,9270
908,0,9070,9280
909,0,9080,9290
910,0,9090,9300
911,0,9100,9310
912,0,9110,9320
913,1,9120,9330
914,1,9130,9340
915,0,9140,9350
916,0,9150,9360
917,0,9160,9370
918,0,9170,9380
919,0,9180,9390
920,0,9190,9400
921,0,9200,9410
922,0,9210,9420
923,0,9220,9430
924,0,9230,9440
925,0,9240,9450
926,0,9250,9460
927,0,9260,9470
928,0,9270,9480
929,0,9280,9490
930,0,9290,9500
931,0,9300,9510
932,1,9310,9520
933,1,9320,9530
934,1,9330,9540
935,0,9340,9550
936,0,9350,9560
937,0,9360,9570
938,0,9370,9580
939,0,9380,9590
940,0,9390,9600
941,0,9400,9610
942,0,9410,9620
943,0,9420,9630
944,0,9430,9640
945,0,9440,9650
946,0,9450,9660
947,0,9460,9670
948,0,9470,9680
949,0,9480,9690
950,0,9490,9700
951,1,9500,9710
952,1,9510,9720
953,1,9520,9730
954,0,9530,9740
955,0,9540,9750
956,0,9550,9760
957,0,9560,9770
958,0,9570,9780
959,0,9580,9790
960,0,9590,9800
961,0,9600,9810
962,0,9610,9820
963,0,9620,9830
964,0,9630,9840
965,0,9640,9850
966,0,9650,9860
967,0,9660,9870
968,0,9670,9880
969,0,9680,9890
970,0,9690,9900
971,1,9700,9910
972,1,9710,9920
973,0,9720,9930
974,0,9730,9940
975,0,9740,9950
976,0,9750,9960
977,0,9760,9970
978,0,9770,9980
979,0,9780,9990
980,0,9790,10000
981,0,9800,10010
982,0,9810,10020
983,0,9820,10030
984,0,9830,10040
985,0,9840,10050
986,0,9850,10060
987,0,9860,10070
988,0,9870,10080
989,0,9880,10090
990,1,9890,10100
991,1,9900,10110
992,0,9910,10120
993,0,9920,10130
994,0,9930,10140
995,0,9940,10150
996,0,9950,10160
997,0,9960,10170
998,0,9970,10180
999,0,9980,10190
1000,0,9990,10200
1001,0,10000,10210
1002,0,10010,10220
1003,0,10020,10230
1004,0,10030,10240
1005,0,10040,10250
1006,0,10050,10260
1007,0,10060,10270
1008,0,10070,10280
1009,0,10080,10290
1010,1,10090,10300
1011,1,10100,10310
1012,0,10110,10320
1013,0,10120,10330
1014,0,10130,10340
1015,0,10140,10350
1016,0,10150,10360
1017,0,10160,10370
1018,0,10170,10380
1019,0,10180,10390
1020,0,10190,10400
1021,0,10200,10410
1022,0,10210,10420
1023,0,10220,10430
1024,0,10230,10440
1025,0,10240,10450
1026,0,10250,10460
1027,0,10260,10470
1028,0,10270,10480
1029,1,10280,10490
1030,1,10290,10500
1031,0,10300,10510
1032,0,10310,10520
1033,0,10320,10530
1034,0,10330,10540
1035,0,10340,10550
1036,0,10350,10560
1037,0,10360,10570
1038,0,10370,10580
1039,0,10380,10590
1040,0,10390,10600
1041,0,10400,10610
1042,0,10410,10620
1043,0,10420,10630
1044,0,10430,10640
1045,0,10440,10650
1046,0,10450,10660
1047,0,10460,10670
1048,1,10470,10680
1049,1,10480,10690
1050,0,10490,10700
1051,0,10500,10710
1052,0,10510,10720
1053,0,10520,10730
1054,0,10530,10740
1055,0,10540,10750
1056,0,10550,10760
1057,0,10560,10770
1058,0,10570,10780
1059,0,10580,10790
1060,0,10590,10800
1061,0,10600,10810
1062,0,10610,10820
1063,0,10620,10830
1064,0,10630,10840
1065,0,10640,10850
1066,0,10650,10860
1067,0,10660,10870
1068,1,10670,10880
1069,1,10680,10890
1070,0,10690,10900
1071,0,10700,10910
1072,0,10710,10920
1073,0,10720,10930
1074,0,10730,10940
1075,0,10740,10950
1076,0,10750,10960
1077,0,10760,10970
1078,0,10770,10980
1079,0,10780,10990
1080,0,10790,11000
1081,0,10800,11010
1082,0,10810,11020
1083,0,10820,11030
1084,0,10830,11040
1085,0,10840,11050
1086,0,10850,11060
1087,1,10860,11070
1088,1,10870,11080
1089,1,10880,11090
1090,0,10890,11100
1091,0,10900,11110
1092,0,10910,11120
1093,0,10920,11130
1094,0,10930,11140
1095,0,10940,11150
1096,0,10950,11160
1097,0,10960,11170
1098,0,10970,11180
1099,0,10980,11190
1100,0,10990,11200
1101,0,11000,11210
1102,0,11010,11220
1103,0,11020,11230
1104,0,11030,11240
1105,0,11040,11250
1106,0,11050,11260
1107,1,11060,11270
1108,1,11070,11280
1109,0,11080,11290
1110,0,11090,11300
1111,0,11100,11310
1112,0,11110,11320
1113,0,11120,11330
1114,0,11130,11340
1115,0,11140,11350
1116,0,11150,11360
1117,0,11160,11370
1118,0,11170,11380
1119,0,11180,11390
1120,0,11190,11400
1121,0,11200,11410
1122,0,11210,11420
1123,0,11220,11430
1124,0,11230,11440
1125,0,11240,11450
1126,1,11250,11460
1127,1,11260,11470
1128,1,11270,11480
1129,0,11280,11490
1130,0,11290,11500
1131,0,11300,11510
1132,0,11310,11520
1133,0,11320,11530
1134,0,11330,11540
1135,0,11340,11550
1136,0,11350,11560
1137,0,11360,11570
1138,0,11370,11580
1139,0,11380,11590
1140,0,11390,11600
1141,0,11400,11610
1142,0,11410,11620
1143,0,11420,11630
1144,0,11430,11640
1145,0,11440,11650
1146,1,11450,11660
1147,1,11460,11670
1148,0,11470,11680
1149,0,11480,11690
1150,0,11490,11700
1151,0,11500,11710
1152,0,11510,11720
1153,0,11520,11730
1154,0,11530,11740
1155,0,11540,11750
1156,0,11550,11760
1157,0,11560,11770
1158,0,11570,11780
1159,0,11580,11790
1160,0,11590,11800
1161,0,11600,11810
1162,0,11610,11820
1163,0,11620,11830
1164,0,11630,11840
1165,1,11640,11850
1166,1,11650,11860
1167,0,11660,11870
1168,0,11670,11880
1169,0,11680,11890
1170,0,11690,11900
1171,0,11700,11910
1172,0,11710,11920
1173,0,11720,11930
1174,0,11730,11940
1175,0,11740,11950
1176,0,11750,11960
1177,0,11760,11970
1178,0,11770,11980
1179,0,11780,11990
1180,0,11790,12000
1181,0,11800,12010
1182,0,11810,12020
1183,0,11820,12030
1184,0,11830,12040
1185,1,11840,12050
1186,1,11850,12060
1187,0,11860,12070
1188,0,11870,12080
1189,0,11880,12090
1190,0,11890,12100
1191,0,11900,12110
1192,0,11910,12120
1193,0,11920,12130
1194,0,11930,12140
1195,0,11940,12150
1196,0,11950,12160
1197,0,11960,12170
1198,0,11970,12180
1199,0,11980,12190
1200,0,11990,12200
1201,0,12000,12210
1202,0,12010,12220
1203,0,12020,12230
1204,1,12030,12240
1205,1,12040,12250
1206,1,12050,12260
1207,0,12060,12270
1208,0,12070,12280
1209,0,12080,12290
1210,0,12090,12300
1211,0,12100,12310
1212,0,12110,12320
1213,0,12120,12330
1214,0,12130,12340
1215,0,12140,12350
1216,0,12150,12360
1217,0,12160,12370
1218,0,12170,12380
1219,0,12180,12390
1220,0,12190,12400
1221,0,12200,12410
1222,0,12210,12420
1223,1,12220,12430
1224,1,12230,12440
1225,1,12240,12450
1226,0,12250,12460
1227,0,12260,12470
1228,0,12270,12480
1229,0,12280,12490
1230,0,12290,12500
1231,0,12300,12510
1232,0,12310,12520
1233,0,12320,12530
1234,0,12330,12540
1235,0,12340,12550
1236,0,12350,12560
1237,0,12360,12570
1238,0,12370,12580
1239,0,12380,12590
1240,0,12390,12600
1241,0,12400,12610
1242,0,12410,12620
1243,1,12420,12630
1244,1,12430,12640
1245,0,12440,12650
1246,0,12450,12660
1247,0,12460,12670
1248,0,12470,12680
1249,0,12480,12690
1250,0,12490,12700
1251,0,12500,12710
1252,0,12510,12720
1253,0,12520,12730
1254,0,12530,12740
1255,0,12540,12750
1256,0,12550,12760
1257,0,12560,12770
1258,0,12570,12780
1259,0,12580,12790
1260,0,12590,12800
1261,0,12600,12810
1262,0,12610,12820
1263,1,12620,12830
1264,1,12630,12840
1265,0,12640,12850
1266,0,12650,12860
1267,0,12660,12870
1268,0,12670,12880
1269,0,12680,12890
1270,0,12690,12900
1271,0,12700,12910
1272,0,12710,12920
1273,0,12720,12930
1274,0,12730,12940
1275,0,12740,12950
1276,0,12750,12960
1277,0,12760,12970
1278,0,12770,12980
1279,0,12780,12990
1280,0,12790,13000
1281,0,12800,13010
1282,1,12810,13020
1283,1,12820,13030
1284,0,12830,13040
1285,0,12840,13050
1286,0,12850,13060
1287,0,12860,13070
1288,0,12870,13080
1289,0,12880,13090
1290,0,12890,13100
1291,0,12900,13110
1292,0,12910,13120
1293,0,12920,13130
1294,0,12930,13140
1295,0,12940,13150
1296,0,12950,13160
1297,0,12960,13170
1298,0,12970,13180
1299,0,12980,13190
1300,0,12990,13200
1301,1,13000,13210
1302,1,13010,13220
1303,0,13020,13230
1304,0,13030,13240
1305,0,13040,13250
1306,0,13050,13260
1307,0,13060,13270
1308,0,13070,13280
1309,0,13080,13290
1310,0,13090,13300
1311,0,13100,13310
1312,0,13110,13320
1313,0,13120,13330
1314,0,13130,13340
1315,0,13140,13350
1316,0,13150,13360
1317,0,13160,13370
1318,0,13170,13380
1319,0,13180,13390
1320,1,13190,13400
1321,1,13200,13410
1322,0,13210,13420
1323,0,13220,13430
1324,0,13230,13440
1325,0,13240,13450
1326,0,13250,13460
1327,0,13260,13470
1328,0,13270,13480
1329,0,13280,13490
1330,0,13290,13500
1331,0,13300,13510
1332,0,13310,13520
1333,0,13320,13530
1334,0,13330,13540
1335,0,13340,13550
1336,0,13350,13560
1337,0,13360,13570
1338,0,13370,13580
1339,0,13380,13590
1340,1,13390,13600
1341,1,13400,13610
1342,0,13410,13620
1343,0,13420,13630
1344,0,13430,13640
1345,0,13440,13650
1346,0,13450,13660
1347,0,13460,13670
1348,0,13470,13680
1349,0,13480,13690
1350,0,13490,13700
1351,0,13500,13710
1352,0,13510,13720
1353,0,13520,13730
1354,0,13530,13740
1355,0,13540,13750
1356,0,13550,13760
1357,0,13560,13770
1358,0,13570,13780
1359,1,13580,13790
1360,1,13590,13800
1361,1,13600,13810
1362,0,13610,13820
1363,0,13620,13830
1364,0,13630,13840
1365,0,13640,13850
1366,0,13650,13860
1367,0,13660,13870
1368,0,13670,13880
1369,0,13680,13890
1370,0,13690,13900
1371,0,13700,13910
1372,0,13710,13920
1373,0,13720,13930
1374,0,13730,13940
1375,0,13740,13950
1376,0,13750,13960
1377,0,13760,13970
1378,1,13770,13980
1379,1,13780,13990
1380,1,13790,14000
1381,0,13800,14010
1382,0,13810,14020
1383,0,13820,14030
1384,0,13830,14040
1385,0,13840,14050
1386,0,13850,14060
1387,0,13860,14070
1388,0,13870,14080
1389,0,13880,14090
1390,0,13890,14100
1391,0,13900,14110
1392,0,13910,14120
1393,0,13920,14130
1394,0,13930,14140
1395,0,13940,14150
1396,0,13950,14160
1397,0,13960,14170
1398,1,13970,14180
1399,1,13980,14190
1400,0,13990,14200
1401,0,14000,14210
1402,0,14010,14220
1403,0,14020,14230
1404,0,14030,14240
1405,0,14040,14250
1406,0,14050,14260
1407,0,14060,14270
1408,0,14070,14280
1409,0,14080,14290
1410,0,14090,14300
1411,0,14100,14310
1412,0,14110,14320
1413,0,14120,14330
1414,0,14130,14340
1415,0,14140,14350
1416,0,14150,14360
1417,1,14160,14370
1418,1,14170,14380
1419,0,14180,14390
1420,0,14190,14400
1421,0,14200,14410
1422,0,14210,14420
1423,0,14220,14430
1424,0,14230,14440
1425,0,14240,14450
1426,0,14250,14460
1427,0,14260,14470
1428,0,14270,14480
1429,0,14280,14490
1430,0,14290,14500
1431,0,14300,14510
1432,0,14310,14520
1433,0,14320,14530
1434,0,14330,14540
1435,0,14340,14550
1436,1,14350,14560
1437,1,14360,14570
1438,1,14370,14580
1439,0,14380,14590
1440,0,14390,14600
1441,0,14400,14610
1442,0,14410,14620
1443,0,14420,14630
1444,0,14430,14640
1445,0,14440,14650
1446,0,14450,14660
1447,0,14460,14670
1448,0,14470,14680
1449,0,14480,14690
1450,0,14490,14700
1451,0,14500,14710
1452,0,14510,14720
1453,0,14520,14730
1454,0,14530,14740
1455,0,14540,14750
1456,1,14550,14760
1457,1,14560,14770
1458,0,14570,14780
1459,0,14580,14790
1460,0,14590,14800
1461,0,14600,14810
1462,0,14610,14820
1463,0,14620,14830
1464,0,14630,14840
1465,0,14640,14850
1466,0,14650,14860
1467,0,14660,14870
1468,0,14670,14880
1469,0,14680,14890
1470,0,14690,14900
1471,0,14700,14910
1472,0,14710,14920
1473,0,14720,14930
1474,0,14730,14940
1475,1,14740,14950
1476,1,14750,14960
1477,0,14760,14970
1478,0,14770,14980
1479,0,14780,14990
1480,0,14790,15000
1481,0,14800,15010
1482,0,14810,15020
1483,0,14820,15030
1484,0,14830,15040
1485,0,14840,15050
1486,0,14850,15060
1487,0,14860,15070
1488,0,14870,15080
1489,0,14880,15090
1490,0,14890,15100
1491,0,14900,15110
1492,0,14910,15120
1493,0,14920,15130
1494,0,14930,15140
1495,1,14940,15150
1496,1,14950,15160
1497,0,14960,15170
1498,0,14970,15180
1499,0,14980,15190
1500,0,14990,15200
1501,0,15000,15210
1502,0,15010,15220
1503,0,15020,15230
1504,0,15030,15240
1505,0,15040,15250
1506,0,15050,15260
1507,0,15060,15270
1508,0,15070,15280
1509,0,15080,15290
1510,0,15090,15300
1511,0,15100,15310
1512,0,15110,15320
1513,0,15120,15330
1514,1,15130,15340
1515,1,15140,15350
1516,1,15150,15360
1517,0,15160,15370
1518,0,15170,15380
1519,0,15180,15390
1520,0,15190,15400
1521,0,15200,15410
1522,0,15210,15420
1523,0,15220,15430
1524,0,15230,15440
1525,0,15240,15450
1526,0,15250,15460
1527,0,15260,15470
1528,0,15270,15480
1529,0,15280,15490
1530,0,15290,15500
1531,0,15300,15510
1532,0,15310,15520
1533,0,15320,15530
1534,1,15330,15540
1535,1,15340,15550
1536,0,15350,15560
1537,0,15360,15570
1538,0,15370,15580
1539,0,15380,15590
1540,0,15390,15600
1541,0,15400,15610
1542,0,15410,15620
1543,0,15420,15630
1544,0,15430,15640
1545,0,15440,15650
1546,0,15450,15660
1547,0,15460,15670
1548,0,15470,15680
1549,0,15480,15690
1550,0,15490,15700
1551,0,15500,15710
1552,0,15510,15720
1553,1,15520,15730
1554,1,15530,15740
1555,0,15540,15750
1556,0,15550,15760
1557,0,15560,15770
1558,0,15570,15780
1559,0,15580,15790
1560,0,15590,15800
1561,0,15600,15810
1562,0,15610,15820
1563,0,15620,15830
1564,0,15630,15840
1565,0,15640,15850
1566,0,15650,15860
1567,0,15660,15870
1568,0,15670,15880
1569,0,15680,15890
1570,0,15690,15900
1571,0,15700,15910
1572,1,15710,15920
1573,1,15720,15930
1574,1,15730,15940
1575,0,15740,15950
1576,0,15750,15960
1577,0,15760,15970
1578,0,15770,15980
1579,0,15780,15990
1580,0,15790,16000
1581,0,15800,16010
1582,0,15810,16020
1583,0,15820,16030
1584,0,15830,16040
1585,0,15840,16050
1586,0,15850,16060
1587,0,15860,16070
1588,0,15870,16080
1589,0,15880,16090
1590,0,15890,16100
1591,0,15900,16110
1592,1,15910,16120
1593,1,15920,16130
1594,0,15930,16140
1595,0,15940,16150
1596,0,15950,16160
1597,0,15960,16170
1598,0,15970,16180
1599,0,15980,16190
1600,0,15990,16200
1601,0,16000,16210
1602,0,16010,16220
1603,0,16020,16230
1604,0,16030,16240
1605,0,16040,16250
1606,0,16050,16260
1607,0,16060,16270
1608,0,16070,16280
1609,0,16080,16290
1610,0,16090,16300
1611,1,16100,16310
1612,1,16110,16320
1613,1,16120,16330
1614,0,16130,16340
1615,0,16140,16350
1616,0,16150,16360
1617,0,16160,16370
1618,0,16170,16380
1619,0,16180,16390
1620,0,16190,16400
1621,0,16200,16410
1622,0,16210,16420
1623,0,16220,16430
1624,0,16230,16440
1625,0,16240,16450
1626,0,16250,16460
1627,0,16260,16470
1628,0,16270,16480
1629,0,16280,16490
1630,1,16290,16500
1631,1,16300,16510
1632,1,16310,16520
1633,0,16320,16530
1634,0,16330,16540
1635,0,16340,16550
1636,0,16350,16560
1637,0,16360,16570
1638,0,16370,16580
1639,0,16380,16590
1640,0,16390,16600
1641,0,16400,16610
1642,0,16410,16620
1643,0,16420,16630
1644,0,16430,16640
1645,0,16440,16650
1646,0,16450,16660
1647,0,16460,16670
1648,0,16470,16680
1649,0,16480,16690
1650,1,16490,16700
1651,1,16500,16710
1652,0,16510,16720
1653,0,16520,16730
1654,0,16530,16740
1655,0,16540,16750
1656,0,16550,16760
1657,0,16560,16770
1658,0,16570,16780
1659,0,16580,16790
1660,0,16590,16800
1661,0,16600,16810
1662,0,16610,16820
1663,0,16620,16830
1664,0,16630,16840
1665,0,16640,16850
1666,0,16650,16860
1667,0,16660,16870
1668,0,16670,16880
1669,1,16680,16890
1670,1,16690,16900
1671,1,16700,16910
1672,0,16710,16920
1673,0,16720,16930
1674,0,16730,16940
1675,0,16740,16950
1676,0,16750,16960
1677,0,16760,16970
1678,0,16770,16980
1679,0,16780,16990
1680,0,16790,17000
1681,0,16800,17010
1682,0,16810,17020
1683,0,16820,17030
1684,0,16830,17040
1685,0,16840,17050
1686,0,16850,17060
1687,0,16860,17070
1688,0,16870,17080
1689,1,16880,17090
1690,1,16890,17100
1691,1,16900,17110
1692,0,16910,17120
1693,0,16920,17130
1694,0,16930,17140
1695,0,16940,17150
1696,0,16950,17160
1697,0,16960,17170
1698,0,16970,17180
1699,0,16980,17190
1700,0,16990,17200
1701,0,17000,17210
1702,0,17010,17220
1703,0,17020,17230
1704,0,17030,17240
1705,0,17040,17250
1706,0,17050,17260
1707,0,17060,17270
1708,0,17070,17280
1709,1,17080,17290
1710,1,17090,17300
1711,0,17100,17310
1712,0,17110,17320
1713,0,17120,17330
1714,0,17130,17340
1715,0,17140,17350
1716,0,17150,17360
1717,0,17160,17370
1718,0,17170,17380
1719,0,17180,17390
1720,0,17190,17400
1721,0,17200,17410
1722,0,17210,17420
1723,0,17220,17430
1724,0,17230,17440
1725,0,17240,17450
1726,0,17250,17460
1727,0,17260,17470
1728,0,17270,17480
1729,1,17280,17490
1730,1,17290,17500
1731,0,17300,17510
1732,0,17310,17520
1733,0,17320,17530
1734,0,17330,17540
1735,0,17340,17550
1736,0,17350,17560
1737,0,17360,17570
1738,0,17370,17580
1739,0,17380,17590
1740,0,17390,17600
1741,0,17400,17610
1742,0,17410,17620
1743,0,17420,17630
1744,0,17430,17640
1745,0,17440,17650
1746,0,17450,17660
1747,0,17460,17670
1748,0,17470,17680
1749,1,17480,17690
1750,1,17490,17700
1751,0,17500,17710
1752,0,17510,17720
1753,0,17520,17730
1754,0,17530,17740
1755,0,17540,17750
1756,0,17550,17760
1757,0,17560,17770
1758,0,17570,17780
1759,0,17580,17790
1760,0,17590,17800
1761,0,17600,17810
1762,0,17610,17820
1763,0,17620,17830
1764,0,17630,17840
1765,0,17640,17850
1766,0,17650,17860
1767,0,17660,17870
1768,0,17670,17880
1769,1,17680,17890
1770,1,17690,17900
1771,0,17700,17910
1772,0,17710,17920
1773,0,17720,17930
1774,0,17730,17940
1775,0,17740,17950
1776,0,17750,17960
1777,0,17760,17970
1778,0,17770,17980
1779,0,17780,17990
1780,0,17790,18000
1781,0,17800,18010
1782,0,17810,18020
1783,0,17820,18030
1784,0,17830,18040
1785,0,17840,18050
1786,0,17850,18060
1787,0,17860,18070
1788,0,17870,18080
1789,1,17880,18090
1790,1,17890,18100
1791,0,17900,18110
1792,0,17910,18120
1793,0,17920,18130
1794,0,17930,18140
1795,0,17940,18150
1796,0,17950,18160
1797,0,17960,18170
1798,0,17970,18180
1799,0,17980,18190
1800,0,17990,18200
1801,0,18000,18210
1802,0,18010,18220
1803,0,18020,18230
1804,0,18030,18240
1805,0,18040,18250
1806,0,18050,18260
1807,0,18060,18270
1808,1,18070,18280
1809,1,18080,18290
1810,0,18090,18300
1811,0,18100,18310
1812,0,18110,18320
1813,0,18120,18330
1814,0,18130,18340
1815,0,18140,18350
1816,0,18150,18360
1817,0,18160,18370
1818,0,18170,18380
1819,0,18180,18390
1820,0,18190,18400
1821,0,18200,18410
1822,0,18210,18420
1823,0,18220,18430
1824,0,18230,18440
1825,0,18240,18450
1826,0,18250,18460
1827,0,18260,18470
1828,0,18270,18480
1829,1,18280,18490
1830,1,18290,18500
1831,0,18300,18510
1832,0,18310,18520
1833,0,18320,18530
1834,0,18330,18540
1835,0,18340,18550
1836,0,18350,18560
1837,0,18360,18570
1838,0,18370,18580
1839,0,18380,18590
1840,0,18390,18600
1841,0,18400,18610
1842,0,18410,18620
1843,0,18420,18630
1844,0,18430,18640
1845,0,18440,18650
1846,0,18450,18660
1847,0,18460,18670
1848,0,18470,18680
1849,1,18480,18690
1850,1,18490,18700
1851,0,18500,18710
1852,0,18510,18720
1853,0,18520,18730
1854,0,18530,18740
1855,0,18540,18750
1856,0,18550,18760
1857,0,18560,18770
1858,0,18570,18780
1859,0,18580,18790
1860,0,18590,18800
1861,0,18600,18810
1862,0,18610,18820
1863,0,18620,18830
1864,0,18630,18840
1865,0,18640,18850
1866,0,18650,18860
1867,0,18660,18870
1868,0,18670,18880
1869,1,18680,18890
1870,1,18690,18900
1871,0,18700,18910
1872,0,18710,18920
1873,0,18720,18930
1874,0,18730,18940
1875,0,18740,18950
1876,0,18750,18960
1877,0,18760,18970
1878,0,18770,18980
1879,0,18780,18990
1880,0,18790,19000
1881,0,18800,19010
1882,0,18810,19020
1883,0,18820,19030
1884,0,18830,19040
1885,0,18840,19050
1886,0,18850,19060
1887,0,18860,19070
1888,0,18870,19080
1889,1,18880,19090
1890,1,18890,19100
1891,0,18900,19110
1892,0,18910,19120
1893,0,18920,19130
1894,0,18930,19140
1895,0,18940,19150
1896,0,18950,19160
1897,0,18960,19170
1898,0,18970,19180
1899,0,18980,19190
1900,0,18990,19200
1901,0,19000,19210
1902,0,19010,19220
1903,0,19020,19230
1904,0,19030,19240
1905,0,19040,19250
1906,0,19050,19260
1907,0,19060,19270
1908,0,19070,19280
1909,0,19080,19290
1910,1,19090,19300
1911,1,19100,19310
1912,0,19110,19320
1913,0,19120,19330
1914,0,19130,19340
1915,0,19140,19350
1916,0,19150,19360
1917,0,19160,19370
1918,0,19170,19380
1919,0,19180,19390
1920,0,19190,19400
1921,0,19200,19410
1922,0,19210,19420
1923,0,19220,19430
1924,0,19230,19440
1925,0,19240,19450
1926,0,19250,19460
1927,0,19260,19470
1928,0,19270,19480
1929,0,19280,19490
1930,0,19290,19500
1931,1,19300,19510
1932,1,19310,19520
1933,0,19320,19530
1934,0,19330,19540
1935,0,19340,19550
1936,0,19350,19560
1937,0,19360,19570
1938,2,19370,19580
1939,2,19380,19590
1940,2,19390,19600
1941,2,19400,19610
1942,2,19410,19620
1943,2,19420,19630
1944,0,19430,19640
1945,0,19440,19650
1946,0,19450,19660
1947,0,19460,19670
1948,0,19470,19680
1949,0,19480,19690
1950,0,19490,19700
1951,1,19500,19710
1952,1,19510,19720
1953,0,19520,19730
1954,0,19530,19740
1955,0,19540,19750
1956,0,19550,19760
1957,0,19560,19770
1958,0,19570,19780
1959,0,19580,19790
1960,0,19590,19800
1961,0,19600,19810
1962,0,19610,19820
1963,0,19620,19830
1964,0,19630,19840
1965,0,19640,19850
1966,0,19650,19860
1967,0,19660,19870
1968,0,19670,19880
1969,0,19680,19890
1970,1,19690,19900
1971,1,19700,19910
1972,2,19710,19920
1973,0,19720,19930
1974,0,19730,19940
1975,0,19740,19950
1976,0,19750,19960
1977,0,19760,19970
1978,0,19770,19980
1979,0,19780,19990
1980,0,19790,20000
1981,0,19800,20010
1982,0,19810,20020
1983,0,19820,20030
1984,0,19830,20040
1985,0,19840,20050
1986,0,19850,20060
1987,0,19860,20070
1988,0,19870,20080
1989,1,19880,20090
1990,1,19890,20100
1991,1,19900,20110
1992,0,19910,20120
1993,0,19920,20130
1994,0,19930,20140
1995,0,19940,20150
1996,0,19950,20160
1997,0,19960,20170
1998,0,19970,20180
1999,0,19980,20190
2000,0,19990,20200
2001,0,20000,20210
2002,0,20010,20220
2003,0,20020,20230
2004,0,20030,20240
2005,0,20040,20250
2006,0,20050,20260
2007,0,20060,20270
2008,1,20070,20280
2009,1,20080,20290
2010,1,20090,20300
2011,0,20100,20310
2012,0,20110,20320
2013,0,20120,20330
2014,0,20130,20340
2015,0,20140,20350
2016,0,20150,20360
2017,0,20160,20370
2018,0,20170,20380
2019,0,20180,20390
2020,0,20190,20400
2021,0,20200,20410
2022,0,20210,20420
2023,0,20220,20430
2024,0,20230,20440
2025,0,20240,20450
2026,0,20250,20460
2027,1,20260,20470
2028,1,20270,20480
2029,1,20280,20490
2030,0,20290,20500
2031,0,20300,20510
2032,0,20310,20520
2033,0,20320,20530
2034,0,20330,20540
2035,0,20340,20550
2036,0,20350,20560
2037,0,20360,20570
2038,0,20370,20580
2039,0,20380,20590
2040,0,20390,20600
2041,0,20400,20610
2042,0,20410,20620
2043,0,20420,20630
2044,0,20430,20640
2045,0,20440,20650
2046,1,20450,20660
2047,1,20460,20670
2048,1,20470,20680
2049,0,20480,20690
2050,0,20490,20700
2051,0,20500,20710
2052,0,20510,20720
2053,0,20520,20730
2054,0,20530,20740
2055,0,20540,20750
2056,0,20550,20760
2057,0,20560,20770
2058,0,20570,20780
2059,0,20580,20790
2060,0,20590,20800
2061,0,20600,20810
2062,0,20610,20820
2063,0,20620,20830
2064,0,20630,20840
2065,1,20640,20850
2066,1,20650,20860
2067,1,20660,20870
2068,0,20670,20880
2069,0,20680,20890
2070,0,20690,20900
2071,0,20700,20910
2072,0,20710,20920
2073,0,20720,20930
2074,0,20730,20940
2075,0,20740,20950
2076,0,20750,20960
2077,0,20760,20970
2078,0,20770,20980
2079,0,20780,20990
2080,0,20790,21000
2081,0,20800,21010
2082,0,20810,21020
2083,2,20820,21030
2084,1,20830,21040
2085,1,20840,21050
2086,2,20850,21060
2087,0,20860,21070
2088,0,20870,21080
2089,0,20880,21090
2090,0,20890,21100
2091,0,20900,21110
2092,0,20910,21120
2093,0,20920,21130
2094,0,20930,21140
2095,0,20940,21150
2096,0,20950,21160
2097,0,20960,21170
2098,0,20970,21180
2099,0,20980,21190
2100,0,20990,21200
2101,0,21000,21210
2102,1,21010,21220
2103,1,21020,21230
2104,1,21030,21240
2105,0,21040,21250
2106,0,21050,21260
2107,0,21060,21270
2108,0,21070,21280
2109,0,21080,21290
2110,0,21090,21300
2111,0,21100,21310
2112,0,21110,21320
2113,0,21120,21330
2114,0,21130,21340
2115,0,21140,21350
2116,0,21150,21360
2117,0,21160,21370
2118,0,21170,21380
2119,0,21180,21390
2120,0,21190,21400
2121,1,21200,21410
2122,1,21210,21420
2123,1,21220,21430
2124,0,21230,21440
2125,0,21240,21450
2126,0,21250,21460
2127,0,21260,21470
2128,0,21270,21480
2129,0,21280,21490
2130,0,21290,21500
2131,0,21300,21510
2132,0,21310,21520
2133,0,21320,21530
2134,0,21330,21540
2135,0,21340,21550
2136,0,21350,21560
2137,0,21360,21570
2138,0,21370,21580
2139,0,21380,21590
2140,1,21390,21600
2141,1,21400,21610
2142,1,21410,21620
2143,0,21420,21630
2144,0,21430,21640
2145,0,21440,21650
2146,0,21450,21660
2147,0,21460,21670
2148,0,21470,21680
2149,0,21480,21690
2150,0,21490,21700
2151,0,21500,21710
2152,0,21510,21720
2153,0,21520,21730
2154,0,21530,21740
2155,0,21540,21750
2156,0,21550,21760
2157,0,21560,21770
2158,0,21570,21780
2159,0,21580,21790
2160,1,21590,21800
2161,1,21600,21810
2162,0,21610,21820
2163,0,21620,21830
2164,0,21630,21840
2165,0,21640,21850
2166,0,21650,21860
2167,0,21660,21870
2168,0,21670,21880
2169,0,21680,21890
2170,0,21690,21900
2171,0,21700,21910
2172,0,21710,21920
2173,0,21720,21930
2174,0,21730,21940
2175,0,21740,21950
2176,0,21750,21960
2177,0,21760,21970
2178,0,21770,21980
2179,1,21780,21990
2180,1,21790,22000
2181,1,21800,22010
2182,0,21810,22020
2183,0,21820,22030
2184,0,21830,22040
2185,0,21840,22050
2186,0,21850,22060
2187,0,21860,22070
2188,0,21870,22080
2189,0,21880,22090
2190,0,21890,22100
2191,0,21900,22110
2192,0,21910,22120
2193,0,21920,22130
2194,0,21930,22140
2195,0,21940,22150
2196,0,21950,22160
2197,0,21960,22170
2198,0,21970,22180
2199,1,21980,22190
2200,1,21990,22200
2201,0,22000,22210
2202,0,22010,22220
2203,0,22020,22230
2204,0,22030,22240
2205,0,22040,22250
2206,0,22050,22260
2207,0,22060,22270
2208,0,22070,22280
2209,0,22080,22290
2210,0,22090,22300
2211,0,22100,22310
2212,0,22110,22320
2213,0,22120,22330
2214,0,22130,22340
2215,0,22140,22350
2216,0,22150,22360
2217,0,22160,22370
2218,0,22170,22380
2219,1,22180,22390
2220,1,22190,22400
2221,0,22200,22410
2222,0,22210,22420
2223,0,22220,22430
2224,0,22230,22440
2225,0,22240,22450
2226,0,22250,22460
2227,0,22260,22470
2228,0,22270,22480
2229,0,22280,22490
2230,0,22290,22500
2231,0,22300,22510
2232,0,22310,22520
2233,0,22320,22530
2234,0,22330,22540
2235,0,22340,22550
2236,0,22350,22560
2237,0,22360,22570
2238,0,22370,22580
2239,1,22380,22590
2240,1,22390,22600
2241,0,22400,22610
2242,0,22410,22620
2243,0,22420,22630
2244,0,22430,22640
2245,0,22440,22650
2246,0,22450,22660
2247,0,22460,22670
2248,0,22470,22680
2249,0,22480,22690
2250,0,22490,22700
2251,0,22500,22710
2252,0,22510,22720
2253,0,22520,22730
2254,0,22530,22740
2255,0,22540,22750
2256,0,22550,22760
2257,0,22560,22770
2258,0,22570,22780
2259,0,22580,22790
2260,1,22590,22800
2261,1,22600,22810
2262,0,22610,22820
2263,0,22620,22830
2264,0,22630,22840
2265,0,22640,22850
2266,0,22650,22860
2267,0,22660,22870
2268,0,22670,22880
2269,0,22680,22890
2270,0,22690,22900
2271,0,22700,22910
2272,0,22710,22920
2273,0,22720,22930
2274,0,22730,22940
2275,0,22740,22950
2276,0,22750,22960
2277,0,22760,22970
2278,0,22770,22980
2279,0,22780,22990
2280,1,22790,23000
2281,1,22800,23010
2282,0,22810,23020
2283,0,22820,23030
2284,0,22830,23040
2285,0,22840,23050
2286,0,22850,23060
2287,0,22860,23070
2288,0,22870,23080
2289,0,22880,23090
2290,0,22890,23100
2291,0,22900,23110
2292,0,22910,23120
2293,0,22920,23130
2294,0,22930,23140
2295,0,22940,23150
2296,0,22950,23160
2297,0,22960,23170
2298,0,22970,23180
2299,0,22980,23190
2300,0,22990,23200
2301,1,23000,23210
2302,1,23010,23220
2303,0,23020,23230
2304,0,23030,23240
2305,0,23040,23250
2306,0,23050,23260
2307,0,23060,23270
2308,0,23070,23280
2309,0,23080,23290
2310,0,23090,23300
2311,0,23100,23310
2312,0,23110,23320
2313,0,23120,23330
2314,0,23130,23340
2315,0,23140,23350
2316,0,23150,23360
2317,0,23160,23370
2318,0,23170,23380
2319,0,23180,23390
2320,0,23190,23400
2321,0,23200,23410
2322,1,23210,23420
2323,0,23220,23430
2324,0,23230,23440
2325,0,23240,23450
2326,0,23250,23460
2327,0,23260,23470
2328,0,23270,23480
2329,0,23280,23490
2330,0,23290,23500
2331,0,23300,23510
2332,0,23310,23520
2333,0,23320,23530
2334,0,23330,23540
2335,0,23340,23550
2336,0,23350,23560
2337,0,23360,23570
2338,0,23370,23580
2339,0,23380,23590
2340,0,23390,23600
2341,0,23400,23610
2342,1,23410,23620
2343,1,23420,23630
2344,0,23430,23640
2345,0,23440,23650
2346,0,23450,23660
2347,0,23460,23670
2348,0,23470,23680
2349,0,23480,23690
2350,0,23490,23700
2351,0,23500,23710
2352,0,23510,23720
2353,0,23520,23730
2354,0,23530,23740
2355,0,23540,23750
2356,0,23550,23760
2357,0,23560,23770
2358,0,23570,23780
2359,0,23580,23790
2360,0,23590,23800
2361,0,23600,23810
2362,1,23610,23820
2363,1,23620,23830
2364,0,23630,23840
2365,0,23640,23850
2366,0,23650,23860
2367,0,23660,23870
2368,0,23670,23880
2369,0,23680,23890
2370,0,23690,23900
2371,0,23700,23910
2372,0,23710,23920
2373,0,23720,23930
2374,0,23730,23940
2375,0,23740,23950
2376,0,23750,23960
2377,0,23760,23970
2378,0,23770,23980
2379,0,23780,23990
2380,0,23790,24000
2381,0,23800,24010
2382,0,23810,24020
2383,1,23820,24030
2384,1,23830,24040
2385,0,23840,24050
2386,0,23850,24060
2387,0,23860,24070
2388,0,23870,24080
2389,0,23880,24090
2390,0,23890,24100
2391,0,23900,24110
2392,0,23910,24120
2393,0,23920,24130
2394,0,23930,24140
2395,0,23940,24150
2396,0,23950,24160
2397,0,23960,24170
2398,0,23970,24180
2399,0,23980,24190
2400,0,23990,24200
2401,0,24000,24210
2402,0,24010,24220
2403,0,24020,24230
2404,1,24030,24240
2405,0,24040,24250
2406,0,24050,24260
2407,0,24060,24270
2408,0,24070,24280
2409,0,24080,24290
2410,0,24090,24300
2411,0,24100,24310
2412,0,24110,24320
2413,0,24120,24330
2414,0,24130,24340
2415,0,24140,24350
2416,0,24150,24360
2417,0,24160,24370
2418,0,24170,24380
2419,0,24180,24390
2420,0,24190,24400
2421,0,24200,24410
2422,0,24210,24420
2423,0,24220,24430
2424,0,24230,24440
2425,1,24240,24450
2426,0,24250,24460
2427,0,24260,24470
2428,0,24270,24480
2429,0,24280,24490
2430,0,24290,24500
2431,0,24300,24510
2432,0,24310,24520
2433,0,24320,24530
2434,0,24330,24540
2435,0,24340,24550
2436,0,24350,24560
2437,0,24360,24570
2438,0,24370,24580
2439,0,24380,24590
2440,0,24390,24600
2441,0,24400,24610
2442,0,24410,24620
2443,0,24420,24630
2444,0,24430,24640
2445,1,24440,24650
2446,1,24450,24660
2447,0,24460,24670
2448,0,24470,24680
2449,0,24480,24690
2450,0,24490,24700
2451,0,24500,24710
2452,0,24510,24720
2453,0,24520,24730
2454,0,24530,24740
2455,0,24540,24750
2456,0,24550,24760
2457,0,24560,24770
2458,0,24570,24780
2459,0,24580,24790
2460,0,24590,24800
2461,0,24600,24810
2462,0,24610,24820
2463,0,24620,24830
2464,0,24630,24840
2465,1,24640,24850
2466,1,24650,24860
2467,0,24660,24870
2468,0,24670,24880
2469,0,24680,24890
2470,0,24690,24900
2471,1,24700,24910
2472,1,24710,24920
2473,1,24720,24930
2474,1,24730,24940
2475,1,24740,24950
2476,1,24750,24960
2477,1,24760,24970
2478,1,24770,24980
2479,1,24780,24990
2480,1,24790,25000
2481,1,24800,25010
2482,1,24810,25020
2483,1,24820,25030
2484,1,24830,25040
2485,1,24840,25050
2486,1,24850,25060
2487,1,24860,25070
2488,1,24870,25080
2489,1,24880,25090
2490,1,24890,25100
2491,1,24900,25110
2492,1,24910,25120
2493,2,24920,25130
2494,2,24930,25140
2495,2,24940,25150
2496,2,24950,25160
2497,2,24960,25170
2498,2,24970,25180
2499,2,24980,25190
2500,2,24990,25200
2501,2,25000,25210
2502,2,25010,25220
2503,2,25020,25230
2504,2,25030,25240
2505,2,25040,25250
2506,2,25050,25260
2507,2,25060,25270
2508,2,25070,25280
2509,2,25080,25290
2510,2,25090,25300
2511,2,25100,25310
2512,2,25110,25320
2513,2,25120,25330
2514,2,25130,25340
2515,2,25140,25350
2516,2,25150,25360
2517,2,25160,25370
2518,2,25170,25380
2519,2,25180,25390
2520,2,25190,25400
2521,2,25200,25410
2522,2,25210,25420
2523,2,25220,25430
2524,2,25230,25440
2525,2,25240,25450
2526,2,25250,25460
2527,2,25260,25470
2528,2,25270,25480
2529,2,25280,25490
2530,2,25290,25500
2531,2,25300,25510
2532,2,25310,25520
2533,2,25320,25530
2534,2,25330,25540
2535,2,25340,25550
2536,2,25350,25560
2537,2,25360,25570
2538,2,25370,25580
2539,2,25380,25590
2540,2,25390,25600
2541,2,25400,25610
2542,2,25410,25620
2543,2,25420,25630
2544,2,25430,25640
2545,2,25440,25650
2546,2,25450,25660
2547,2,25460,25670
2548,2,25470,25680
2549,2,25480,25690
2550,2,25490,25700
2551,2,25500,25710
2552,2,25510,25720
2553,2,25520,25730
2554,2,25530,25740
2555,2,25540,25750
2556,2,25550,25760
2557,2,25560,25770
2558,2,25570,25780
2559,2,25580,25790
2560,2,25590,25800
2561,2,25600,25810
2562,2,25610,25820
2563,2,25620,25830
2564,2,25630,25840
2565,2,25640,25850
2566,2,25650,25860
2567,2,25660,25870
2568,2,25670,25880
2569,2,25680,25890
2570,2,25690,25900
2571,2,25700,25910
2572,2,25710,25920
2573,2,25720,25930
2574,2,25730,25940
2575,2,25740,25950
2576,2,25750,25960
2577,2,25760,25970
2578,2,25770,25980
2579,2,25780,25990
2580,2,25790,26000
2581,2,25800,26010
2582,2,25810,26020
2583,2,25820,26030
2584,2,25830,26040
2585,2,25840,26050
2586,2,25850,26060
2587,2,25860,26070
2588,2,25870,26080
2589,2,25880,26090
2590,2,25890,26100
2591,2,25900,26110
2592,2,25910,26120
2593,2,25920,26130
2594,2,25930,26140
2595,2,25940,26150
2596,2,25950,26160
2597,2,25960,26170
2598,2,25970,26180
2599,2,25980,26190
2600,2,25990,26200
2601,2,26000,26210
2602,2,26010,26220
2603,2,26020,26230
2604,2,26030,26240
2605,2,26040,26250
2606,2,26050,26260
2607,2,26060,26270
2608,2,26070,26280
2609,2,26080,26290
2610,2,26090,26300
2611,2,26100,26310
2612,2,26110,26320
2613,2,26120,26330
2614,2,26130,26340
2615,2,26140,26350
2616,2,26150,26360
2617,2,26160,26370
2618,2,26170,26380
2619,2,26180,26390
2620,2,26190,26400
2621,2,26200,26410
2622,2,26210,26420
2623,2,26220,26430
2624,2,26230,26440
2625,2,26240,26450
2626,2,26250,26460
2627,2,26260,26470
2628,2,26270,26480
2629,2,26280,26490
2630,2,26290,26500
2631,2,26300,26510
2632,2,26310,26520
2633,2,26320,26530
2634,2,26330,26540
2635,2,26340,26550
2636,2,26350,26560
2637,2,26360,26570
2638,2,26370,26580
2639,2,26380,26590
2640,2,26390,26600
2641,2,26400,26610
2642,2,26410,26620
2643,2,26420,26630
2644,2,26430,26640
2645,2,26440,26650
2646,2,26450,26660
2647,2,26460,26670
2648,2,26470,26680
2649,2,26480,26690
2650,2,26490,26700
2651,2,26500,26710
2652,2,26510,26720
2653,2,26520,26730
2654,2,26530,26740
2655,2,26540,26750
2656,2,26550,26760
2657,2,26560,26770
2658,2,26570,26780
2659,2,26580,26790
2660,2,26590,26800
2661,2,26600,26810
2662,2,26610,26820
2663,2,26620,26830
2664,2,26630,26840
2665,2,26640,26850
2666,2,26650,26860
2667,2,26660,26870
2668,2,26670,26880
2669,2,26680,26890
2670,2,26690,26900
2671,2,26700,26910
2672,2,26710,26920
2673,2,26720,26930
2674,2,26730,26940
2675,2,26740,26950
2676,2,26750,26960
2677,2,26760,26970
2678,2,26770,26980
2679,2,26780,26990
2680,2,26790,27000
2681,2,26800,27010
2682,2,26810,27020
2683,2,26820,27030
2684,2,26830,27040
2685,2,26840,27050
2686,2,26850,27060
2687,2,26860,27070
2688,2,26870,27080
2689,2,26880,27090
2690,2,26890,27100
2691,2,26900,27110
2692,2,26910,27120
2693,2,26920,27130
2694,2,26930,27140
2695,2,26940,27150
2696,2,26950,27160
2697,2,26960,27170
2698,2,26970,27180
2699,2,26980,27190
2700,2,26990,27200
2701,2,27000,27210
2702,2,27010,27220
2703,2,27020,27230
2704,2,27030,27240
2705,2,27040,27250
2706,2,27050,27260
2707,2,27060,27270
2708,2,27070,27280
2709,2,27080,27290
2710,2,27090,27300
2711,2,27100,27310
2712,2,27110,27320
2713,2,27120,27330
2714,2,27130,27340
2715,2,27140,27350
2716,2,27150,27360
2717,2,27160,27370
2718,2,27170,27380
2719,2,27180,27390
2720,2,27190,27400
2721,2,27200,27410
2722,2,27210,27420
2723,2,27220,27430
2724,2,27230,27440
2725,2,27240,27450
2726,2,27250,27460
2727,2,27260,27470
2728,2,27270,27480
2729,2,27280,27490
2730,2,27290,27500
2731,2,27300,27510
2732,2,27310,27520
2733,2,27320,27530
2734,2,27330,27540
2735,2,27340,27550
2736,2,27350,27560
2737,2,27360,27570
2738,2,27370,27580
2739,2,27380,27590
2740,2,27390,27600
2741,2,27400,27610
2742,2,27410,27620
2743,2,27420,27630
2744,2,27430,27640
2745,2,27440,27650
2746,2,27450,27660
2747,2,27460,27670
2748,2,27470,27680
2749,2,27480,27690
2750,2,27490,27700
2751,2,27500,27710
2752,2,27510,27720
2753,2,27520,27730
2754,2,27530,27740
2755,2,27540,27750
2756,2,27550,27760
2757,2,27560,27770
2758,2,27570,27780
2759,2,27580,27790
2760,2,27590,27800
2761,2,27600,27810
2762,2,27610,27820
2763,2,27620,27830
2764,2,27630,27840
2765,2,27640,27850
2766,2,27650,27860
2767,2,27660,27870
2768,2,27670,27880
2769,2,27680,27890
2770,2,27690,27900
2771,2,27700,27910
2772,2,27710,27920
2773,2,27720,27930
2774,2,27730,27940
2775,2,27740,27950
2776,2,27750,27960
2777,2,27760,27970
2778,2,27770,27980
2779,2,27780,27990
2780,2,27790,28000
2781,2,27800,28010
2782,2,27810,28020
2783,2,27820,28030
2784,2,27830,28040
2785,2,27840,28050
2786,2,27850,28060
2787,2,27860,28070
2788,2,27870,28080
2789,2,27880,28090
2790,2,27890,28100
2791,2,27900,28110
2792,2,27910,28120
2793,2,27920,28130
2794,2,27930,28140
2795,2,27940,28150
2796,2,27950,28160
2797,2,27960,28170
2798,2,27970,28180
2799,2,27980,28190
2800,2,27990,28200
2801,2,28000,28210
2802,2,28010,28220
2803,2,28020,28230
2804,2,28030,28240
2805,2,28040,28250
2806,2,28050,28260
2807,2,28060,28270
2808,2,28070,28280
2809,2,28080,28290
2810,2,28090,28300
2811,2,28100,28310
2812,2,28110,28320
2813,2,28120,28330
2814,2,28130,28340
2815,2,28140,28350
2816,2,28150,28360
2817,2,28160,28370
2818,2,28170,28380
2819,2,28180,28390
2820,2,28190,28400
2821,2,28200,28410
2822,2,28210,28420
2823,2,28220,28430
2824,2,28230,28440
2825,2,28240,28450
2826,2,28250,28460
2827,2,28260,28470
2828,2,28270,28480
2829,2,28280,28490
2830,2,28290,28500
2831,2,28300,28510
2832,2,28310,28520
2833,2,28320,28530
2834,2,28330,28540
2835,2,28340,28550
2836,2,28350,28560
2837,2,28360,28570
2838,2,28370,28580
2839,2,28380,28590
2840,2,28390,28600
2841,2,28400,28610
2842,2,28410,28620
2843,2,28420,28630
2844,2,28430,28640
2845,2,28440,28650
2846,2,28450,28660
2847,2,28460,28670
2848,2,28470,28680
2849,2,28480,28690
2850,2,28490,28700
2851,2,28500,28710
2852,2,28510,28720
2853,2,28520,28730
2854,2,28530,28740
2855,2,28540,28750
2856,2,28550,28760
2857,2,28560,28770
2858,2,28570,28780
2859,2,28580,28790
2860,2,28590,28800
2861,2,28600,28810
2862,2,28610,28820
2863,2,28620,28830
2864,2,28630,28840
2865,2,28640,28850
2866,2,28650,28860
2867,2,28660,28870
2868,2,28670,28880
2869,2,28680,28890
2870,2,28690,28900
2871,2,28700,28910
2872,2,28710,28920
2873,2,28720,28930
2874,2,28730,28940
2875,2,28740,28950
2876,2,28750,28960
2877,2,28760,28970
2878,2,28770,28980
2879,2,28780,28990
2880,2,28790,29000
2881,2,28800,29010
2882,2,28810,29020
2883,2,28820,29030
2884,2,28830,29040
2885,2,28840,29050
2886,2,28850,29060
2887,2,28860,29070
2888,2,28870,29080
2889,2,28880,29090
2890,2,28890,29100
2891,2,28900,29110
2892,2,28910,29120
2893,2,28920,29130
2894,1,28930,29140
2895,1,28940,29150
2896,2,28950,29160
2897,2,28960,29170
2898,2,28970,29180
2899,2,28980,29190
2900,2,28990,29200
2901,2,29000,29210
2902,2,29010,29220
2903,2,29020,29230
2904,2,29030,29240
2905,2,29040,29250
2906,2,29050,29260
2907,2,29060,29270
2908,2,29070,29280
2909,2,29080,29290
2910,2,29090,29300
2911,2,29100,29310
2912,2,29110,29320
2913,2,29120,29330
2914,2,29130,29340
2915,2,29140,29350
2916,2,29150,29360
2917,2,29160,29370
2918,2,29170,29380
2919,2,29180,29390
2920,2,29190,29400
2921,2,29200,29410
2922,2,29210,29420
2923,2,29220,29430
2924,2,29230,29440
2925,2,29240,29450
2926,2,29250,29460
2927,2,29260,29470
2928,2,29270,29480
2929,2,29280,29490
2930,2,29290,29500
2931,2,29300,29510
2932,2,29310,29520
2933,2,29320,29530
2934,2,29330,29540
2935,2,29340,29550
2936,2,29350,29560
2937,2,29360,29570
2938,2,29370,29580
2939,2,29380,29590
2940,2,29390,29600
2941,2,29400,29610
2942,2,29410,29620
2943,2,29420,29630
2944,2,29430,29640
2945,2,29440,29650
2946,2,29450,29660
2947,2,29460,29670
2948,2,29470,29680
2949,2,29480,29690
2950,2,29490,29700
2951,2,29500,29710
2952,2,29510,29720
2953,2,29520,29730
2954,2,29530,29740
2955,2,29540,29750
2956,2,29550,29760
2957,2,29560,29770
2958,2,29570,29780
2959,2,29580,29790
2960,2,29590,29800
2961,2,29600,29810
2962,2,29610,29820
2963,2,29620,29830
2964,2,29630,29840
2965,2,29640,29850
2966,2,29650,29860
2967,2,29660,29870
2968,2,29670,29880
2969,2,29680,29890
2970,2,29690,29900
2971,2,29700,29910
2972,2,29710,29920
2973,2,29720,29930
2974,2,29730,29940
2975,2,29740,29950
2976,2,29750,29960
2977,2,29760,29970
2978,2,29770,29980
2979,2,29780,29990
2980,2,29790,30000
2981,2,29800,30010
2982,2,29810,30020
2983,2,29820,30030
2984,2,29830,30040
2985,2,29840,30050
2986,2,29850,30060
2987,2,29860,30070
2988,2,29870,30080
2989,2,29880,30090
2990,2,29890,30100
2991,2,29900,30110
2992,2,29910,30120
2993,2,29920,30130
2994,2,29930,30140
2995,2,29940,30150
2996,2,29950,30160
2997,2,29960,30170
2998,2,29970,30180
2999,2,29980,30190
3000,2,29990,30200
3001,2,30000,30210
3002,2,30010,30220
3003,2,30020,30230
3004,2,30030,30240
3005,2,30040,30250
3006,2,30050,30260
3007,2,30060,30270
3008,2,30070,30280
3009,2,30080,30290
3010,2,30090,30300
3011,2,30100,30310
3012,2,30110,30320
3013,2,30120,30330
3014,2,30130,30340
3015,2,30140,30350
3016,2,30150,30360
3017,2,30160,30370
3018,2,30170,30380
3019,2,30180,30390
3020,2,30190,30400
3021,2,30200,30410
3022,2,30210,30420
3023,2,30220,30430
3024,2,30230,30440
3025,2,30240,30450
3026,2,30250,30460
3027,2,30260,30470
3028,2,30270,30480
3029,2,30280,30490
3030,2,30290,30500
3031,2,30300,30510
3032,2,30310,30520
3033,2,30320,30530
3034,2,30330,30540
3035,2,30340,30550
3036,2,30350,30560
3037,2,30360,30570
3038,2,30370,30580
3039,2,30380,30590
3040,2,30390,30600
3041,2,30400,30610
3042,2,30410,30620
3043,2,30420,30630
3044,2,30430,30640
3045,2,30440,30650
3046,2,30450,30660
3047,2,30460,30670
3048,2,30470,30680
3049,2,30480,30690
3050,2,30490,30700
3051,2,30500,30710
3052,2,30510,30720
3053,2,30520,30730
3054,2,30530,30740
3055,2,30540,30750
3056,2,30550,30760
3057,2,30560,30770
3058,2,30570,30780
3059,2,30580,30790
3060,2,30590,30800
3061,2,30600,30810
3062,2,30610,30820
3063,2,30620,30830
3064,2,30630,30840
3065,2,30640,30850
3066,2,30650,30860
3067,2,30660,30870
3068,2,30670,30880
3069,2,30680,30890
3070,2,30690,30900
3071,2,30700,30910
3072,2,30710,30920
3073,2,30720,30930
3074,2,30730,30940
3075,2,30740,30950
3076,2,30750,30960
3077,2,30760,30970
3078,2,30770,30980
3079,2,30780,30990
3080,2,30790,31000
3081,2,30800,31010
3082,2,30810,31020
3083,2,30820,31030
3084,2,30830,31040
3085,2,30840,31050
3086,2,30850,31060
3087,2,30860,31070
3088,2,30870,31080
3089,2,30880,31090
3090,2,30890,31100
3091,2,30900,31110
3092,2,30910,31120
3093,2,30920,31130
3094,2,30930,31140
3095,2,30940,31150
3096,2,30950,31160
3097,2,30960,31170
3098,2,30970,31180
3099,2,30980,31190
3100,2,30990,31200
3101,2,31000,31210
3102,2,31010,31220
3103,2,31020,31230
3104,2,31030,31240
3105,2,31040,31250
3106,2,31050,31260
3107,2,31060,31270
3108,2,31070,31280
3109,2,31080,31290
3110,2,31090,31300
3111,2,31100,31310
3112,2,31110,31320
3113,2,31120,31330
3114,2,31130,31340
3115,2,31140,31350
3116,2,31150,31360
3117,2,31160,31370
3118,2,31170,31380
3119,2,31180,31390
3120,2,31190,31400
3121,2,31200,31410
3122,2,31210,31420
3123,2,31220,31430
3124,2,31230,31440
3125,2,31240,31450
3126,2,31250,31460
3127,2,31260,31470
3128,2,31270,31480
3129,2,31280,31490
3130,2,31290,31500
3131,2,31300,31510
3132,2,31310,31520
3133,2,31320,31530
3134,2,31330,31540
3135,2,31340,31550
3136,2,31350,31560
3137,2,31360,31570
3138,2,31370,31580
3139,2,31380,31590
3140,2,31390,31600
3141,2,31400,31610
3142,2,31410,31620
3143,2,31420,31630
3144,2,31430,31640
3145,2,31440,31650
3146,2,31450,31660
3147,2,31460,31670
3148,2,31470,31680
3149,2,31480,31690
3150,2,31490,31700
3151,2,31500,31710
3152,2,31510,31720
3153,2,31520,31730
3154,2,31530,31740
3155,2,31540,31750
3156,2,31550,31760
3157,2,31560,31770
3158,2,31570,31780
3159,2,31580,31790
3160,2,31590,31800
3161,2,31600,31810
3162,2,31610,31820
3163,2,31620,31830
3164,2,31630,31840
3165,2,31640,31850
3166,2,31650,31860
3167,2,31660,31870
3168,2,31670,31880
3169,2,31680,31890
3170,2,31690,31900
3171,2,31700,31910
3172,2,31710,31920
3173,2,31720,31930
3174,2,31730,31940
3175,2,31740,31950
3176,2,31750,31960
3177,2,31760,31970
3178,2,31770,31980
3179,2,31780,31990
3180,2,31790,32000
3181,2,31800,32010
3182,2,31810,32020
3183,2,31820,32030
3184,2,31830,32040
3185,2,31840,32050
3186,2,31850,32060
3187,2,31860,32070
3188,2,31870,32080
3189,2,31880,32090
3190,2,31890,32100
3191,2,31900,32110
3192,2,31910,32120
3193,2,31920,32130
3194,2,31930,32140
3195,2,31940,32150
3196,2,31950,32160
3197,2,31960,32170
3198,2,31970,32180
3199,2,31980,32190
3200,2,31990,32200
3201,2,32000,32210
3202,2,32010,32220
3203,2,32020,32230
3204,2,32030,32240
3205,2,32040,32250
3206,2,32050,32260
3207,2,32060,32270
3208,2,32070,32280
3209,2,32080,32290
3210,2,32090,32300
3211,2,32100,32310
3212,2,32110,32320
3213,2,32120,32330
3214,2,32130,32340
3215,2,32140,32350
3216,2,32150,32360
3217,2,32160,32370
3218,2,32170,32380
3219,2,32180,32390
3220,2,32190,32400
3221,2,32200,32410
3222,2,32210,32420
3223,2,32220,32430
3224,2,32230,32440
3225,2,32240,32450
3226,2,32250,32460
3227,2,32260,32470
3228,2,32270,32480
3229,2,32280,32490
3230,2,32290,32500
3231,2,32300,32510
3232,2,32310,32520
3233,2,32320,32530
3234,2,32330,32540
3235,2,32340,32550
3236,2,32350,32560
3237,2,32360,32570
3238,2,32370,32580
3239,2,32380,32590
3240,2,32390,32600
3241,2,32400,32610
3242,2,32410,32620
3243,2,32420,32630
3244,2,32430,32640
3245,2,32440,32650
3246,2,32450,32660
3247,2,32460,32670
3248,2,32470,32680
3249,2,32480,32690
3250,2,32490,32700
3251,2,32500,32710
3252,2,32510,32720
3253,2,32520,32730
3254,2,32530,32740
3255,2,32540,32750
3256,2,32550,32760
3257,2,32560,32770
3258,2,32570,32780
3259,2,32580,32790
3260,2,32590,32800
3261,2,32600,32810
3262,2,32610,32820
3263,2,32620,32830
3264,2,32630,32840
3265,2,32640,32850
3266,2,32650,32860
3267,2,32660,32870
3268,2,32670,32880
3269,2,32680,32890
3270,2,32690,32900
3271,2,32700,32910
3272,2,32710,32920
3273,2,32720,32930
3274,2,32730,32940
3275,2,32740,32950
3276,2,32750,32960
3277,2,32760,32970
3278,2,32770,32980
3279,2,32780,32990
3280,2,32790,33000
3281,2,32800,33010
3282,2,32810,33020
3283,2,32820,33030
3284,2,32830,33040
3285,2,32840,33050
3286,2,32850,33060
3287,2,32860,33070
3288,2,32870,33080
3289,2,32880,33090
3290,2,32890,33100
3291,2,32900,33110
3292,2,32910,33120
3293,2,32920,33130
3294,2,32930,33140
3295,2,32940,33150
3296,2,32950,33160
3297,2,32960,33170
3298,2,32970,33180
3299,2,32980,33190
3300,2,32990,33200
3301,2,33000,33210
3302,2,33010,33220
3303,2,33020,33230
3304,2,33030,33240
3305,2,33040,33250
3306,2,33050,33260
3307,2,33060,33270
3308,2,33070,33280
3309,2,33080,33290
3310,2,33090,33300
3311,2,33100,33310
3312,2,33110,33320
3313,2,33120,33330
3314,2,33130,33340
3315,2,33140,33350
3316,2,33150,33360
3317,2,33160,33370
3318,2,33170,33380
3319,2,33180,33390
3320,2,33190,33400
3321,2,33200,33410
3322,2,33210,33420
3323,2,33220,33430
3324,2,33230,33440
3325,2,33240,33450
3326,2,33250,33460
3327,2,33260,33470
3328,2,33270,33480
3329,2,33280,33490
3330,2,33290,33500
3331,2,33300,33510
3332,2,33310,33520
3333,2,33320,33530
3334,2,33330,33540
3335,2,33340,33550
3336,2,33350,33560
3337,2,33360,33570
3338,2,33370,33580
3339,2,33380,33590
3340,2,33390,33600
3341,2,33400,33610
3342,2,33410,33620
3343,2,33420,33630
3344,2,33430,33640
3345,2,33440,33650
3346,2,33450,33660
3347,2,33460,33670
3348,2,33470,33680
3349,2,33480,33690
3350,2,33490,33700
3351,2,33500,33710
3352,2,33510,33720
3353,2,33520,33730
3354,2,33530,33740
3355,2,33540,33750
3356,2,33550,33760
3357,2,33560,33770
3358,2,33570,33780
3359,2,33580,33790
3360,2,33590,33800
3361,2,33600,33810
3362,2,33610,33820
3363,2,33620,33830
3364,2,33630,33840
3365,2,33640,33850
3366,2,33650,33860
3367,2,33660,33870
3368,2,33670,33880
3369,2,33680,33890
3370,2,33690,33900
3371,2,33700,33910
3372,2,33710,33920
3373,2,33720,33930
3374,2,33730,33940
3375,2,33740,33950
3376,2,33750,33960
3377,2,33760,33970
3378,2,33770,33980
3379,2,33780,33990
3380,2,33790,34000
3381,2,33800,34010
3382,2,33810,34020
3383,2,33820,34030
3384,2,33830,34040
3385,2,33840,34050
3386,2,33850,34060
3387,2,33860,34070
3388,2,33870,34080
3389,2,33880,34090
3390,2,33890,34100
3391,2,33900,34110
3392,2,33910,34120
3393,2,33920,34130
3394,2,33930,34140
3395,2,33940,34150
3396,2,33950,34160
3397,2,33960,34170
3398,2,33970,34180
3399,2,33980,34190
3400,2,33990,34200
3401,2,34000,34210
3402,2,34010,34220
3403,2,34020,34230
3404,2,34030,34240
3405,2,34040,34250
3406,2,34050,34260
3407,2,34060,34270
3408,2,34070,34280
3409,2,34080,34290
3410,2,34090,34300
3411,2,34100,34310
3412,2,34110,34320
3413,2,34120,34330
3414,2,34130,34340
3415,2,34140,34350
3416,2,34150,34360
3417,2,34160,34370
3418,2,34170,34380
3419,2,34180,34390
3420,2,34190,34400
3421,2,34200,34410
3422,2,34210,34420
3423,2,34220,34430
3424,2,34230,34440
3425,2,34240,34450
3426,2,34250,34460
3427,2,34260,34470
3428,2,34270,34480
3429,2,34280,34490
3430,2,34290,34500
3431,2,34300,34510
3432,2,34310,34520
3433,2,34320,34530
3434,2,34330,34540
3435,2,34340,34550
3436,2,34350,34560
3437,2,34360,34570
3438,2,34370,34580
3439,2,34380,34590
3440,2,34390,34600
3441,2,34400,34610
3442,2,34410,34620
3443,2,34420,34630
3444,2,34430,34640
3445,2,34440,34650
3446,2,34450,34660
3447,2,34460,34670
3448,2,34470,34680
3449,2,34480,34690
3450,2,34490,34700
3451,2,34500,34710
3452,2,34510,34720
3453,2,34520,34730
3454,2,34530,34740
3455,2,34540,34750
3456,2,34550,34760
3457,2,34560,34770
3458,2,34570,34780
3459,2,34580,34790
3460,2,34590,34800
3461,2,34600,34810
3462,2,34610,34820
3463,2,34620,34830
3464,2,34630,34840
3465,2,34640,34850
3466,2,34650,34860
3467,2,34660,34870
3468,2,34670,34880
3469,2,34680,34890
3470,2,34690,34900
3471,2,34700,34910
3472,2,34710,34920
3473,2,34720,34930
3474,2,34730,34940
3475,2,34740,34950
3476,2,34750,34960
3477,2,34760,34970
3478,2,34770,34980
3479,2,34780,34990
3480,2,34790,35000
3481,2,34800,35010
3482,2,34810,35020
3483,2,34820,35030
3484,2,34830,35040
3485,2,34840,35050
3486,2,34850,35060
3487,2,34860,35070
3488,2,34870,35080
3489,2,34880,35090
3490,2,34890,35100
3491,2,34900,35110
3492,2,34910,35120
3493,2,34920,35130
3494,2,34930,35140
3495,2,34940,35150
3496,2,34950,35160
3497,2,34960,35170
3498,2,34970,35180
3499,2,34980,35190
3500,2,34990,35200
3501,2,35000,35210
3502,2,35010,35220
3503,2,35020,35230
3504,2,35030,35240
3505,2,35040,35250
3506,2,35050,35260
3507,2,35060,35270
3508,2,35070,35280
3509,2,35080,35290
3510,2,35090,35300
3511,2,35100,35310
3512,2,35110,35320
3513,2,35120,35330
3514,2,35130,35340
3515,2,35140,35350
3516,2,35150,35360
3517,2,35160,35370
3518,2,35170,35380
3519,2,35180,35390
3520,2,35190,35400
3521,2,35200,35410
3522,2,35210,35420
3523,2,35220,35430
3524,2,35230,35440
3525,2,35240,35450
3526,2,35250,35460
3527,2,35260,35470
3528,2,35270,35480
3529,2,35280,35490
3530,2,35290,35500
3531,2,35300,35510
3532,2,35310,35520
3533,2,35320,35530
3534,2,35330,35540
3535,2,35340,35550
3536,2,35350,35560
3537,2,35360,35570
3538,2,35370,35580
3539,2,35380,35590
3540,2,35390,35600
3541,2,35400,35610
3542,2,35410,35620
3543,2,35420,35630
3544,2,35430,35640
3545,2,35440,35650
3546,2,35450,35660
3547,2,35460,35670
3548,2,35470,35680
3549,2,35480,35690
3550,2,35490,35700
3551,2,35500,35710
3552,2,35510,35720
3553,2,35520,35730
3554,2,35530,35740
3555,2,35540,35750
3556,2,35550,35760
3557,2,35560,35770
3558,2,35570,35780
3559,2,35580,35790
3560,2,35590,35800
3561,2,35600,35810
3562,2,35610,35820
3563,2,35620,35830
3564,2,35630,35840
3565,2,35640,35850
3566,2,35650,35860
3567,2,35660,35870
3568,2,35670,35880
3569,2,35680,35890
3570,2,35690,35900
3571,2,35700,35910
3572,2,35710,35920
3573,2,35720,35930
3574,2,35730,35940
3575,2,35740,35950
3576,2,35750,35960
3577,2,35760,35970
3578,2,35770,35980
3579,2,35780,35990
3580,2,35790,36000
3581,2,35800,36010
3582,2,35810,36020
3583,2,35820,36030
3584,2,35830,36040
3585,2,35840,36050
3586,2,35850,36060
3587,2,35860,36070
3588,2,35870,36080
3589,2,35880,36090
3590,2,35890,36100
3591,2,35900,36110
3592,2,35910,36120
3593,2,35920,36130
3594,2,35930,36140
3595,2,35940,36150
3596,2,35950,36160
3597,2,35960,36170
3598,2,35970,36180
3599,2,35980,36190
3600,2,35990,36200
3601,2,36000,36210
3602,2,36010,36220
3603,2,36020,36230
3604,2,36030,36240
3605,2,36040,36250
3606,2,36050,36260
3607,2,36060,36270
3608,2,36070,36280
3609,2,36080,36290
3610,2,36090,36300
3611,2,36100,36310
3612,2,36110,36320
3613,2,36120,36330
3614,2,36130,36340
3615,2,36140,36350
3616,2,36150,36360
3617,2,36160,36370
3618,2,36170,36380
3619,2,36180,36390
3620,2,36190,36400
3621,2,36200,36410
3622,2,36210,36420
3623,2,36220,36430
3624,2,36230,36440
3625,2,36240,36450
3626,2,36250,36460
3627,2,36260,36470
3628,2,36270,36480
3629,2,36280,36490
3630,2,36290,36500
3631,2,36300,36510
3632,2,36310,36520
3633,2,36320,36530
3634,2,36330,36540
3635,2,36340,36550
3636,2,36350,36560
3637,2,36360,36570
3638,2,36370,36580
3639,2,36380,36590
3640,2,36390,36600
3641,2,36400,36610
3642,2,36410,36620
3643,2,36420,36630
3644,2,36430,36640
3645,2,36440,36650
3646,2,36450,36660
3647,2,36460,36670
3648,2,36470,36680
3649,2,36480,36690
3650,2,36490,36700
3651,2,36500,36710
3652,2,36510,36720
3653,2,36520,36730
3654,2,36530,36740
3655,2,36540,36750
3656,2,36550,36760
3657,2,36560,36770
3658,2,36570,36780
3659,2,36580,36790
3660,2,36590,36800
3661,2,36600,36810
3662,2,36610,36820
3663,2,36620,36830
3664,2,36630,36840
3665,2,36640,36850
3666,2,36650,36860
3667,2,36660,36870
3668,2,36670,36880
3669,2,36680,36890
3670,2,36690,36900
3671,2,36700,36910
3672,2,36710,36920
3673,2,36720,36930
3674,2,36730,36940
3675,2,36740,36950
3676,2,36750,36960
3677,2,36760,36970
3678,2,36770,36980
3679,2,36780,36990
3680,2,36790,37000
3681,2,36800,37010
3682,2,36810,37020
3683,2,36820,37030
3684,2,36830,37040
3685,2,36840,37050
3686,2,36850,37060
3687,2,36860,37070
3688,2,36870,37080
3689,2,36880,37090
3690,2,36890,37100
3691,2,36900,37110
3692,2,36910,37120
3693,2,36920,37130
3694,2,36930,37140
3695,2,36940,37150
3696,2,36950,37160
3697,2,36960,37170
3698,2,36970,37180
3699,2,36980,37190
3700,2,36990,37200
3701,2,37000,37210
3702,2,37010,37220
3703,2,37020,37230
3704,2,37030,37240
3705,2,37040,37250
3706,2,37050,37260
3707,2,37060,37270
3708,2,37070,37280
3709,2,37080,37290
3710,2,37090,37300
3711,2,37100,37310
3712,2,37110,37320
3713,2,37120,37330
3714,2,37130,37340
3715,2,37140,37350
3716,2,37150,37360
3717,2,37160,37370
3718,2,37170,37380
3719,2,37180,37390
3720,2,37190,37400
3721,2,37200,37410
3722,2,37210,37420
3723,2,37220,37430
3724,2,37230,37440
3725,2,37240,37450
3726,2,37250,37460
3727,2,37260,37470
3728,2,37270,37480
3729,2,37280,37490
3730,2,37290,37500
3731,2,37300,37510
3732,2,37310,37520
3733,2,37320,37530
3734,2,37330,37540
3735,2,37340,37550
3736,2,37350,37560
3737,2,37360,37570
3738,2,37370,37580
3739,2,37380,37590
3740,2,37390,37600
3741,2,37400,37610
3742,2,37410,37620
3743,2,37420,37630
3744,2,37430,37640
3745,2,37440,37650
3746,2,37450,37660
3747,2,37460,37670
3748,2,37470,37680
3749,2,37480,37690
3750,2,37490,37700
3751,2,37500,37710
3752,2,37510,37720
3753,2,37520,37730
3754,2,37530,37740
3755,2,37540,37750
3756,2,37550,37760
3757,2,37560,37770
3758,2,37570,37780
3759,2,37580,37790
3760,2,37590,37800
3761,2,37600,37810
3762,2,37610,37820
3763,2,37620,37830
3764,2,37630,37840
3765,2,37640,37850
3766,2,37650,37860
3767,2,37660,37870
3768,2,37670,37880
3769,2,37680,37890
3770,2,37690,37900
3771,2,37700,37910
3772,2,37710,37920
3773,2,37720,37930
3774,2,37730,37940
3775,2,37740,37950
3776,2,37750,37960
3777,2,37760,37970
3778,2,37770,37980
3779,2,37780,37990
3780,2,37790,38000
3781,2,37800,38010
3782,2,37810,38020
3783,2,37820,38030
3784,2,37830,38040
3785,2,37840,38050
3786,2,37850,38060
3787,2,37860,38070
3788,2,37870,38080
3789,2,37880,38090
3790,2,37890,38100
3791,2,37900,38110
3792,2,37910,38120
3793,2,37920,38130
3794,2,37930,38140
3795,2,37940,38150
3796,2,37950,38160
3797,2,37960,38170
3798,2,37970,38180
3799,2,37980,38190
3800,2,37990,38200
3801,2,38000,38210
3802,2,38010,38220
3803,2,38020,38230
3804,2,38030,38240
3805,2,38040,38250
3806,2,38050,38260
3807,2,38060,38270
3808,2,38070,38280
3809,2,38080,38290
3810,2,38090,38300
3811,2,38100,38310
3812,2,38110,38320
3813,2,38120,38330
3814,2,38130,38340
3815,2,38140,38350
3816,2,38150,38360
3817,2,38160,38370
3818,2,38170,38380
3819,2,38180,38390
3820,2,38190,38400
3821,2,38200,38410
3822,2,38210,38420
3823,2,38220,38430
3824,2,38230,38440
3825,2,38240,38450
3826,2,38250,38460
3827,2,38260,38470
3828,2,38270,38480
3829,2,38280,38490
3830,2,38290,38500
3831,2,38300,38510
3832,2,38310,38520
3833,2,38320,38530
3834,2,38330,38540
3835,2,38340,38550
3836,2,38350,38560
3837,2,38360,38570
3838,2,38370,38580
3839,2,38380,38590
3840,2,38390,38600
3841,2,38400,38610
3842,2,38410,38620
3843,2,38420,38630
3844,2,38430,38640
3845,2,38440,38650
3846,2,38450,38660
3847,2,38460,38670
3848,2,38470,38680
3849,2,38480,38690
3850,2,38490,38700
3851,2,38500,38710
3852,2,38510,38720
3853,2,38520,38730
3854,2,38530,38740
3855,2,38540,38750
3856,2,38550,38760
3857,2,38560,38770
3858,2,38570,38780
3859,2,38580,38790
3860,2,38590,38800
3861,2,38600,38810
3862,2,38610,38820
3863,2,38620,38830
3864,2,38630,38840
3865,2,38640,38850
3866,2,38650,38860
3867,2,38660,38870
3868,2,38670,38880
3869,2,38680,38890
3870,2,38690,38900
3871,2,38700,38910
3872,2,38710,38920
3873,2,38720,38930
3874,2,38730,38940
3875,2,38740,38950
3876,2,38750,38960
3877,2,38760,38970
3878,2,38770,38980
3879,2,38780,38990
3880,2,38790,39000
3881,2,38800,39010
3882,2,38810,39020
3883,2,38820,39030
3884,2,38830,39040
3885,2,38840,39050
3886,2,38850,39060
3887,2,38860,39070
3888,2,38870,39080
3889,2,38880,39090
3890,2,38890,39100
3891,2,38900,39110
3892,2,38910,39120
3893,2,38920,39130
3894,2,38930,39140
3895,2,38940,39150
3896,2,38950,39160
3897,2,38960,39170
3898,2,38970,39180
3899,2,38980,39190
3900,2,38990,39200
3901,2,39000,39210
3902,2,39010,39220
3903,2,39020,39230
3904,2,39030,39240
3905,2,39040,39250
3906,2,39050,39260
3907,2,39060,39270
3908,2,39070,39280
3909,2,39080,39290
3910,2,39090,39300
3911,2,39100,39310
3912,2,39110,39320
3913,2,39120,39330
3914,2,39130,39340
3915,2,39140,39350
3916,2,39150,39360
3917,2,39160,39370
3918,2,39170,39380
3919,2,39180,39390
3920,2,39190,39400
3921,2,39200,39410
3922,2,39210,39420
3923,2,39220,39430
3924,2,39230,39440
3925,2,39240,39450
3926,2,39250,39460
3927,2,39260,39470
3928,2,39270,39480
3929,2,39280,39490
3930,2,39290,39500
3931,2,39300,39510
3932,2,39310,39520
3933,2,39320,39530
3934,2,39330,39540
3935,2,39340,39550
3936,2,39350,39560
3937,2,39360,39570
3938,2,39370,39580
3939,2,39380,39590
3940,2,39390,39600
3941,2,39400,39610
3942,2,39410,39620
3943,2,39420,39630
3944,2,39430,39640
3945,2,39440,39650
3946,2,39450,39660
3947,2,39460,39670
3948,2,39470,39680
3949,2,39480,39690
3950,2,39490,39700
3951,2,39500,39710
3952,2,39510,39720
3953,2,39520,39730
3954,2,39530,39740
3955,2,39540,39750
3956,2,39550,39760
3957,2,39560,39770
3958,2,39570,39780
3959,2,39580,39790
3960,2,39590,39800
3961,2,39600,39810
3962,2,39610,39820
3963,2,39620,39830
3964,2,39630,39840
3965,2,39640,39850
3966,2,39650,39860
3967,2,39660,39870
3968,2,39670,39880
3969,2,39680,39890
3970,2,39690,39900
3971,2,39700,39910
3972,2,39710,39920
3973,2,39720,39930
3974,2,39730,39940
3975,2,39740,39950
3976,2,39750,39960
3977,2,39760,39970
3978,2,39770,39980
3979,2,39780,39990
3980,2,39790,40000
